CellId,lable,birthLength,AverageLength,AverageVelocity,LifeHistory,GrowthRate
1.0,1.0,28.3056352,26.371426901818186,0.175,11.0,-0.003
2.0,2.0,58.80235775,60.65395657,0.114,4.0,0.006
3.0,3.0,21.26333347,24.515375241111112,0.103,9.0,0.01
4.0,5.0,15.43342629,35.19508194375,-0.225,8.0,0.047
5.0,6.0,41.29664671,45.643662244285714,0.034,7.0,0.009
6.0,7.0,38.5696719,39.672801575,0.167,2.0,0.009
7.0,7.0,20.18469259,38.134903272500004,0.499,4.0,0.068
8,7,17.73609279,17.73609279,0.0,1,NaN
9.0,2.0,52.71264036,66.695924338,0.375,5.0,0.022
10,2,12.98246299,12.98246299,0.0,1,NaN
11,7,22.65115032,22.65115032,0.0,1,NaN
12.0,7.0,20.40981357,34.779108965,-0.872,2.0,0.146
13.0,6.0,42.7137955,54.107106555,0.305,4.0,0.029
14,6,10.74183464,10.74183464,0.0,1,NaN
15.0,5.0,20.58511062,20.121578895,0.167,2.0,-0.008
16.0,5.0,21.20838343,25.44763709727273,-0.195,11.0,0.012
17.0,7.0,24.72481735,25.2996263,0.297,2.0,0.008
18.0,7.0,22.74049964,53.810274512,-0.423,10.0,0.037
19.0,2.0,35.56706136,59.1113061825,0.783,4.0,0.067
20.0,2.0,19.23558598,21.157480033333332,-0.549,3.0,0.018
21.0,3.0,14.68915107,22.910419365,0.398,2.0,0.125
22,3,12.92273413,12.92273413,0.0,1,NaN
23,1,10.73732341,10.73732341,0.0,1,NaN
24.0,1.0,15.25338636,25.009426775199998,-0.055,25.0,0.006
25.0,3.0,14.18979432,20.069333926000002,0.339,5.0,0.071
26.0,8.0,22.76137323,29.73960155222222,0.195,9.0,0.035
27.0,3.0,16.33730451,17.527681875,0.013,4.0,0.012
28.0,6.0,47.12659953,57.114142785,0.909,2.0,0.059
29,6,16.17825432,16.17825432,0.0,1,NaN
30,2,63.89475502,63.89475502,0.0,1,NaN
31.0,2.0,23.80071711,29.361980708750004,-0.263,8.0,0.012
32.0,6.0,52.0121532,63.22944212,1.073,2.0,0.06
33,6,17.52314411,17.52314411,0.0,1,NaN
34.0,2.0,22.25295394,34.091474846,0.609,5.0,0.055
35.0,2.0,37.28132848,31.906317469999994,-0.808,3.0,-0.058
36,6,57.33052504,57.33052504,0.0,1,NaN
37.0,6.0,17.44878607,20.71493283888889,0.054,9.0,0.013
38.0,3.0,17.0124406,21.850633547857143,-0.025,14.0,0.012
39.0,3.0,18.68222641,29.044883161578948,-0.016,19.0,0.016
40.0,6.0,18.73550891,24.65854571,0.297,7.0,0.046
41.0,6.0,36.7496821,36.28036565,-0.02,4.0,-0.002
42.0,7.0,55.63780962,65.03710565,0.573,2.0,0.049
43,7,15.53502599,15.53502599,0.0,1,NaN
44.0,2.0,26.00446783,43.289341236666665,1.342,3.0,0.078
45,2,25.07179537,25.07179537,0.0,1,NaN
46.0,8.0,32.87158021,40.909659241111115,-0.094,9.0,0.017
47.0,8.0,33.52941713,38.82140026333333,0.237,6.0,0.017
48.0,6.0,20.88334118,26.828034115000005,0.992,6.0,0.018
49,6,20.52700655,20.52700655,0.0,1,NaN
50,7,58.40000377,58.40000377,0.0,1,NaN
51.0,7.0,15.48013611,14.42863657625,0.016,8.0,-0.012
52,2,34.15808345,34.15808345,0.0,1,NaN
53.0,2.0,33.3123569,35.55089157,-0.633,3.0,0.014
54.0,7.0,20.6760994,21.191119166666667,-0.122,3.0,0.006
55.0,7.0,33.5875279,33.451593615,-0.157,2.0,-0.001
56.0,2.0,30.42723429,41.72613599,1.829,2.0,0.093
57,2,30.07735462,30.07735462,0.0,1,NaN
58.0,6.0,25.79957961,26.221245195,0.391,2.0,0.005
59.0,6.0,23.9812442,44.49729779166666,-0.466,6.0,0.048
60.0,7.0,20.51392456,50.6944387275,-0.996,4.0,0.091
61,7,20.25795022,20.25795022,0.0,1,NaN
62.0,2.0,32.48523363,36.3009480325,-0.238,4.0,0.018
63.0,2.0,16.09820052,20.783134290714283,-0.001,14.0,0.016
64.0,2.0,15.3287466,15.35108782,-0.056,2.0,0.0
65,2,42.55636578,42.55636578,0.0,1,NaN
66,2,15.37342904,15.37342904,0.0,1,NaN
67.0,2.0,21.52623436,21.40104681,-0.782,2.0,-0.002
68.0,2.0,17.9842694,27.111511355454546,-0.165,22.0,0.013
69.0,11.0,26.81933667,29.85776693461539,-0.061,26.0,0.007
70.0,8.0,20.54099184,28.019153548749998,-0.013,16.0,0.014
71.0,8.0,22.19492695,32.21282744411764,0.067,17.0,0.016
72.0,6.0,14.34285815,18.112906893684208,-0.051,19.0,0.013
73.0,6.0,11.51874431,11.999467693,0.114,10.0,0.004
74.0,12.0,17.13277352,25.632486242941173,0.168,17.0,0.016
75.0,7.0,24.9542815,32.522853266666665,0.806,3.0,0.071
76.0,7.0,34.43106795,31.849219805999997,0.293,5.0,-0.004
77.0,2.0,18.54081819,24.40980524153846,-0.011,13.0,0.015
78.0,2.0,18.59751391,25.67511865142857,0.3,14.0,0.016
79.0,8.0,23.18479737,23.343251016666667,-0.156,3.0,0.002
80.0,8.0,22.9832359,32.4726417925,-0.639,4.0,0.077
81,6,16.61459716,16.61459716,0.0,1,NaN
82.0,6.0,45.87625683,51.985005665,-0.87,2.0,0.039
83.0,3.0,17.42181049,24.55757225,0.683,2.0,0.1
84,3,12.21080489,12.21080489,0.0,1,NaN
85.0,7.0,27.33844617,34.707692485454544,0.107,11.0,0.015
86.0,7.0,25.43367349,30.64214884625,-0.161,8.0,0.016
87,6,39.13507362,39.13507362,0.0,1,NaN
88,6,38.36547893,38.36547893,0.0,1,NaN
89.0,3.0,15.81841722,20.182564656923077,-0.077,13.0,0.013
90.0,3.0,16.4515826,17.605293794999998,0.39,6.0,0.009
91.0,6.0,18.36296792,23.874843258,-0.088,15.0,0.012
92,6,19.08394594,19.08394594,0.0,1,NaN
93.0,6.0,18.31944536,20.717519165,0.446,2.0,0.039
94.0,6.0,16.23103599,23.20894653,-0.051,7.0,0.04
95.0,7.0,16.1791834,23.048796553333332,0.976,3.0,0.098
96.0,7.0,12.23859363,14.68804158,-0.061,2.0,0.056
97.0,8.0,26.79311318,27.522591185,0.018,2.0,0.009
98.0,8.0,27.9161669,40.78122369333334,-0.605,3.0,0.094
99.0,6.0,19.83632195,21.638783555,0.602,2.0,0.028
100,6,19.34810975,19.34810975,0.0,1,NaN
101.0,3.0,18.34651621,28.773202806875,0.097,16.0,0.019
102.0,3.0,20.3434352,25.159359549999998,-0.444,4.0,0.051
103.0,7.0,12.79102958,12.910190145,-0.181,2.0,0.003
104,7,16.1899986,16.1899986,0.0,1,NaN
105,1,10.1067602,10.1067602,0.0,1,NaN
106.0,1.0,11.78250556,24.129494528333336,-0.037,12.0,0.021
107.0,8.0,31.00036553,63.51699951249999,0.587,4.0,0.077
108,8,33.50302906,33.50302906,0.0,1,NaN
109.0,6.0,20.17814954,26.878321609090907,-0.177,11.0,0.018
110.0,6.0,20.06458734,26.142760164615385,0.011,13.0,0.015
111.0,2.0,13.41573818,12.72096762,-0.084,4.0,0.002
112.0,6.0,11.81142092,11.638968815,0.067,2.0,-0.005
113.0,2.0,15.16965867,24.210864266875,-0.054,16.0,0.022
114.0,2.0,13.67486998,17.134053376923077,-0.17,13.0,0.013
115.0,7.0,17.21044471,23.055605334705884,-0.146,17.0,0.014
116.0,7.0,15.12817178,17.634543162499998,0.031,12.0,0.003
117,29,12.5641103,12.5641103,0.0,1,NaN
118.0,3.0,21.21402652,26.436128876666668,0.157,9.0,0.018
119.0,3.0,22.81187102,24.11106886772728,0.301,22.0,0.001
120.0,6.0,21.22336286,25.594944012857145,-0.459,7.0,0.018
121.0,6.0,14.66669315,15.344783420526316,-0.181,19.0,0.002
122,8,41.76363859,41.76363859,0.0,1,NaN
123,8,44.05840752,44.05840752,0.0,1,NaN
124.0,29.0,11.16149066,11.201923045000001,0.206,2.0,0.001
125.0,8.0,19.3942328,19.82071205,0.476,2.0,0.007
126.0,8.0,18.11145394,16.06753691846154,-0.358,26.0,0.003
127.0,8.0,19.85258634,22.883241216666665,-0.26,6.0,0.016
128.0,8.0,20.2788041,27.023757973333332,0.02,15.0,0.014
129.0,7.0,19.78404653,28.38795400875,0.124,16.0,0.015
130.0,7.0,19.62840579,23.73958275727273,0.222,11.0,0.012
131,2,15.61585185,15.61585185,0.0,1,NaN
132.0,2.0,15.83087264,23.775209429999997,0.142,14.0,0.023
133.0,2.0,13.71014633,14.753162009999999,-0.635,3.0,0.016
134,8,19.32746901,19.32746901,0.0,1,NaN
135.0,8.0,20.65096327,19.437488838333334,-0.119,6.0,-0.018
136,56,15.91796921,15.91796921,0.0,1,NaN
137.0,8.0,21.19910164,22.94929103833333,-0.139,6.0,0.006
138.0,8.0,22.07576572,28.79094127428571,0.153,14.0,0.014
139,29,10.78345407,10.78345407,0.0,1,NaN
140.0,12.0,18.56033278,26.287586569411765,0.12,17.0,0.015
141,12,17.20557697,17.20557697,0.0,1,NaN
142.0,60.0,21.91204717,25.065868865,0.143,6.0,0.013
143.0,61.0,21.25502339,22.50536689,0.04,5.0,0.007
144.0,3.0,14.81003694,19.113171892,0.517,5.0,0.059
145.0,3.0,11.99617429,14.389524587500002,0.43,4.0,0.021
146.0,6.0,13.96645884,15.000109057272725,0.018,11.0,0.01
147.0,6.0,14.70484653,14.7434028475,0.201,4.0,0.002
148.0,2.0,15.26203595,13.010738747777777,0.558,9.0,-0.008
149.0,6.0,16.55480211,19.230400880499996,-0.486,20.0,0.0
150.0,6.0,11.08917473,15.322013974166666,0.154,12.0,0.016
151.0,2.0,15.98687387,16.741527811875002,-0.076,16.0,-0.0
152.0,2.0,23.74099674,32.398096709473684,0.063,19.0,0.012
153.0,8.0,15.22513013,24.201994472000003,0.205,5.0,0.063
154.0,8.0,12.87052663,13.69994438,0.097,3.0,0.005
155.0,6.0,17.27889685,30.331121200000002,0.812,3.0,0.09
156,6,14.26349748,14.26349748,0.0,1,NaN
157.0,6.0,19.29192909,22.619219996250003,-0.279,8.0,0.031
158.0,6.0,17.02428804,19.37122186842105,-0.484,19.0,-0.0
159.0,6.0,14.32506864,14.52804009,0.048,9.0,0.0
160.0,69.0,10.91745157,14.070616463333334,0.253,9.0,0.016
161.0,1.0,12.54929721,11.77141351,0.267,2.0,-0.022
162.0,1.0,12.09632499,16.66846436,-0.14,6.0,0.003
163.0,2.0,15.30179827,16.791838074666668,-0.081,15.0,0.001
164.0,3.0,14.92830333,15.712058307500001,0.156,4.0,0.006
165.0,3.0,16.31776702,18.607225094117645,0.275,17.0,-0.007
166.0,6.0,16.83543632,19.501607081111107,-0.495,18.0,-0.0
167.0,6.0,15.00516722,14.55341152125,0.023,8.0,-0.002
168.0,2.0,12.21506932,11.795009805,-0.01,2.0,-0.012
169.0,6.0,17.42836314,20.419977961923074,0.179,26.0,0.002
170.0,6.0,17.6179196,19.658440655294118,-0.524,17.0,-0.001
171.0,6.0,15.01969526,15.478224101111111,0.122,9.0,0.003
172.0,3.0,17.07130353,22.52686338625,0.059,16.0,0.014
173.0,3.0,17.75150063,21.58307163692308,0.288,13.0,0.012
174.0,6.0,18.00259519,18.6320426775,-0.151,4.0,0.006
175.0,6.0,15.02796842,16.117203871666668,0.252,6.0,0.009
176.0,95.0,10.39863306,10.813703405,0.014,2.0,0.013
177.0,3.0,19.16130043,26.45630865538462,-0.032,13.0,0.018
178.0,3.0,19.29001924,23.425797979000002,0.255,10.0,0.013
179,7,11.24155756,11.24155756,0.0,1,NaN
180.0,11.0,16.48887917,13.834356795294116,-0.011,17.0,-0.009
181.0,11.0,18.37765962,25.969287171428572,0.157,14.0,0.016
182.0,8.0,17.3781078,19.347827822499998,-0.275,24.0,-0.007
183.0,8.0,15.42029349,19.488996757368422,-0.345,19.0,-0.006
184.0,1.0,11.7876617,11.356879516666666,0.381,3.0,-0.009
185.0,2.0,30.65361809,16.986450243333334,0.552,6.0,-0.045
186.0,2.0,25.62628126,28.70521711666667,0.366,3.0,0.025
187,2,10.26506348,10.26506348,0.0,1,NaN
188.0,8.0,15.29618853,13.27153949,0.309,5.0,-0.011
189.0,3.0,10.49249546,11.736083863333333,0.497,3.0,0.021
190.0,7.0,11.58068813,13.904105398000002,-0.196,5.0,0.013
191.0,95.0,13.39596163,13.449554093333333,0.177,3.0,-0.005
192.0,71.0,12.470847,14.89917715,0.334,4.0,0.024
193.0,7.0,13.33458639,12.717696123333333,0.331,3.0,-0.004
194.0,101.0,20.44615436,15.45449855666667,0.399,3.0,-0.045
195,8,11.42864629,11.42864629,0.0,1,NaN
196.0,113.0,12.84262314,13.566726415,-0.24,4.0,0.006
197.0,6.0,20.16977194,19.111410760000002,0.055,3.0,-0.012
198.0,6.0,25.80033288,23.597909394000002,-0.888,5.0,0.004
199.0,7.0,17.77746014,20.356709066666667,-0.406,12.0,0.001
200.0,7.0,14.41936845,12.950829803333335,0.059,3.0,-0.012
201,131,10.85892603,10.85892603,0.0,1,NaN
202,133,10.82700289,10.82700289,0.0,1,NaN
203.0,8.0,13.43935282,13.251933671999998,-0.058,5.0,-0.007
204,8,11.20531385,11.20531385,0.0,1,NaN
205.0,8.0,17.4876879,17.39093483,-0.461,5.0,-0.0
206.0,139.0,14.27657952,12.248920005,0.057,2.0,-0.056
207.0,140.0,14.61451819,14.45192031,0.173,2.0,-0.004
208,2,15.63222251,15.63222251,0.0,1,NaN
209.0,127.0,12.5900635,12.54074674,-0.038,8.0,-0.003
210.0,2.0,12.62035319,12.160521885,-0.021,2.0,-0.013
211,2,14.03927839,14.03927839,0.0,1,NaN
212.0,8.0,17.88487543,17.3667465625,-0.41,4.0,-0.002
213.0,8.0,19.59294013,22.200464934444444,0.051,9.0,0.008
214.0,8.0,13.42329267,13.4539257525,-0.09,4.0,0.001
215.0,7.0,19.26096029,23.1745483875,-0.366,12.0,0.014
216.0,7.0,18.19054831,22.276327266363634,-0.127,11.0,0.01
217,69,13.79710633,13.79710633,0.0,1,NaN
218.0,149.0,14.36130034,19.538622821875002,-0.223,16.0,0.011
219.0,153.0,11.51712476,12.58739056,-0.189,4.0,0.005
220.0,113.0,10.44360615,10.267876520000002,0.018,2.0,-0.006
221.0,6.0,11.48974563,12.754939435,-0.538,2.0,0.033
222.0,6.0,11.51661744,12.939455792,0.137,10.0,0.005
223,165,10.20964462,10.20964462,0.0,1,NaN
224.0,2.0,13.85081988,12.966130835,-0.067,2.0,-0.023
225,167,11.83845349,11.83845349,0.0,1,NaN
226,133,11.08890949,11.08890949,0.0,1,NaN
227,2,13.2538399,13.2538399,0.0,1,NaN
228.0,2.0,13.5212137,12.302271699999999,0.04,3.0,-0.02
229.0,2.0,14.92239938,15.789946808333333,0.158,6.0,-0.006
230,3,10.36440739,10.36440739,0.0,1,NaN
231.0,8.0,14.69445749,14.497990519999998,0.046,4.0,-0.005
232.0,6.0,16.69068725,16.53407717,-0.554,3.0,-0.001
233.0,6.0,11.06197437,11.289243704999999,-0.352,4.0,0.005
234.0,6.0,11.82208359,11.4369519,-0.033,2.0,-0.011
235.0,6.0,11.04028884,12.699063995000001,-0.131,6.0,0.005
236,7,11.02639149,11.02639149,0.0,1,NaN
237.0,140.0,15.36679853,13.16107468,0.096,2.0,-0.056
238.0,12.0,19.45684272,23.356939950000005,-0.085,10.0,0.012
239.0,12.0,19.63549875,17.425377321428574,-0.4,7.0,-0.024
240.0,12.0,16.06489189,18.95057318194445,-0.186,36.0,-0.001
241.0,2.0,12.59387314,13.97911946,0.122,2.0,0.033
242.0,3.0,13.71698396,24.126159303333335,0.61,3.0,0.088
243,3,13.17959818,13.17959818,0.0,1,NaN
244.0,2.0,11.20668181,11.405338306666666,0.299,3.0,-0.009
245,133,12.15570902,12.15570902,0.0,1,NaN
246.0,237.0,17.31185808,16.827406749999998,0.126,3.0,-0.018
247.0,176.0,10.58691562,11.594241606666666,0.066,3.0,0.02
248,2,10.06579731,10.06579731,0.0,1,NaN
249,3,11.982919,11.982919,0.0,1,NaN
250.0,3.0,16.82661844,22.004902081111112,-0.478,18.0,0.009
251.0,8.0,13.68650542,13.063780765,0.191,2.0,-0.016
252.0,278.0,17.56640908,15.439022549999999,-0.6,6.0,-0.019
253.0,6.0,10.66774944,11.15779947,0.228,3.0,0.011
254,2,12.59850453,12.59850453,0.0,1,NaN
255.0,2.0,10.67386227,10.856391116666666,-0.47,3.0,0.006
256.0,3.0,16.6071188,19.0683174205,-0.512,20.0,-0.002
257.0,3.0,17.52995487,22.580362311818185,-0.381,11.0,0.015
258.0,3.0,13.01587453,11.207004053333334,-0.822,3.0,-0.028
259.0,3.0,12.76602477,11.732753549999998,-0.693,3.0,-0.019
260.0,277.0,10.36259846,10.375946485,-0.738,2.0,0.0
261,277,10.38929451,10.38929451,0.0,1,NaN
262.0,11.0,17.15861086,20.71651827230769,-0.013,13.0,0.011
263.0,11.0,14.39216322,17.718219511666668,0.169,30.0,0.0
264.0,391.0,26.58620872,26.86208337,-0.27,2.0,0.003
265.0,398.0,16.0577359,18.26698774857143,-0.458,7.0,0.017
266.0,401.0,16.9454483,15.760348071363637,0.26,22.0,-0.006
267.0,411.0,14.11474517,21.56440044652174,0.193,23.0,0.016
268.0,3.0,16.86577218,17.422508992105264,-0.339,19.0,-0.004
269.0,3.0,10.96326177,13.89937489642857,-0.444,14.0,0.002
270,427,10.02624472,10.02624472,0.0,1,NaN
271.0,443.0,15.55527253,15.38355495,-0.606,4.0,-0.01
272.0,445.0,11.99683563,11.538454606666667,0.011,3.0,0.001
273.0,11.0,13.16633796,17.832911107931032,0.206,29.0,0.001
274.0,404.0,10.21438271,11.040214744285715,-0.325,7.0,0.008
275.0,8.0,15.61756844,18.841584108499998,-0.794,20.0,0.001
276.0,8.0,13.6065143,15.169890028571428,-0.258,7.0,0.005
277.0,480.0,18.20700251,20.456058273333337,-0.407,3.0,0.011
278.0,391.0,15.90007467,14.79157599,-0.239,2.0,-0.025
279.0,391.0,12.86339872,30.85319509,-0.122,9.0,0.043
280.0,488.0,10.11160934,11.629895696666665,0.294,3.0,0.017
281.0,465.0,10.97777258,12.196914868333335,-0.138,6.0,0.012
282.0,2.0,12.1447991,13.076355656666665,0.041,6.0,0.008
283.0,515.0,16.34880635,19.79912363,0.151,2.0,0.059
284.0,2.0,11.71866496,12.739580422500001,0.222,4.0,0.012
285.0,425.0,12.85224573,14.088363848,-0.389,5.0,0.009
286.0,427.0,10.6529133,10.42302879,-0.253,2.0,-0.007
287.0,8.0,11.58233438,11.27452019,-0.371,5.0,0.001
288.0,3.0,12.71730321,12.244273735,-0.383,4.0,0.013
289.0,435.0,11.11208339,12.818845199999998,-0.27,6.0,0.009
290.0,476.0,13.86080063,14.40846412,-0.512,3.0,0.005
291,3,13.5880057,13.5880057,0.0,1,NaN
292,440,10.14221114,10.14221114,0.0,1,NaN
293.0,7.0,14.86483673,19.72017957,-0.237,4.0,0.006
294.0,12.0,16.55453155,17.857145498421055,-0.419,38.0,-0.003
295,7,12.40075208,12.40075208,0.0,1,NaN
296.0,395.0,10.01713866,11.55310122,-0.246,3.0,0.03
297,489,11.10770114,11.10770114,0.0,1,NaN
298.0,396.0,10.22417657,12.183265995714288,-0.111,7.0,0.018
299.0,498.0,15.86872464,15.560930836666666,-0.113,3.0,-0.024
300,407,11.2570998,11.2570998,0.0,1,NaN
301,536,10.5310385,10.5310385,0.0,1,NaN
302,537,11.65709898,11.65709898,0.0,1,NaN
303,7,17.43687099,17.43687099,0.0,1,NaN
304.0,7.0,14.41069625,25.14707566,-1.254,2.0,0.152
305,11,10.64227338,10.64227338,0.0,1,NaN
306,495,10.74050484,10.74050484,0.0,1,NaN
307.0,672.0,12.16554722,14.817536855,-0.077,4.0,0.018
308.0,474.0,10.44915437,11.961681786666666,-0.076,3.0,0.02
309.0,674.0,11.58523152,11.78146866,0.245,4.0,-0.007
310.0,678.0,12.39675383,13.659502374999999,-0.307,2.0,0.031
311.0,12.0,17.83376934,31.332005604,0.236,5.0,0.05
312,12,11.76924144,11.76924144,0.0,1,NaN
313,499,11.34441982,11.34441982,0.0,1,NaN
314.0,718.0,11.60595995,10.936315633333331,0.015,3.0,-0.004
315.0,502.0,10.03276635,10.366920853333333,0.17,3.0,0.001
316,407,11.44236628,11.44236628,0.0,1,NaN
317,656,16.13700266,16.13700266,0.0,1,NaN
318,663,12.03576017,12.03576017,0.0,1,NaN
319.0,666.0,11.69158312,13.607910736666668,-0.272,3.0,0.022
320,738,12.53033247,12.53033247,0.0,1,NaN
321,748,11.87413799,11.87413799,0.0,1,NaN
322,753,17.00858396,17.00858396,0.0,1,NaN
323,440,10.82678454,10.82678454,0.0,1,NaN
324,536,12.72411483,12.72411483,0.0,1,NaN
325.0,7.0,16.36909333,16.68692401,-0.454,4.0,0.001
326.0,7.0,15.98433764,19.039963802,-0.049,10.0,0.014
327,550,19.86365668,19.86365668,0.0,1,NaN
328.0,7.0,15.2001784,28.04650491,-0.522,3.0,0.095
329.0,703.0,10.50191724,10.81013396,-0.154,2.0,0.01
330,649,10.2087189,10.2087189,0.0,1,NaN
331,399,11.61351775,11.61351775,0.0,1,NaN
332.0,495.0,12.413536,12.708784695,0.197,2.0,0.008
333.0,725.0,10.57794881,10.981983945,0.35,2.0,0.012
334,8,12.78741019,12.78741019,0.0,1,NaN
335.0,813.0,10.63287462,11.557963708333334,-0.33,6.0,0.008
336.0,823.0,16.08633519,17.870269737777775,-0.44,9.0,0.016
337,395,14.78028892,14.78028892,0.0,1,NaN
338,702,10.94374467,10.94374467,0.0,1,NaN
339.0,707.0,12.25512696,11.630002116666667,-0.192,3.0,-0.007
340,860,12.28507797,12.28507797,0.0,1,NaN
341,801,12.75627713,12.75627713,0.0,1,NaN
342,515,11.67655019,11.67655019,0.0,1,NaN
343.0,875.0,17.25375611,22.416742629,-0.211,10.0,0.018
344,734,10.93720001,10.93720001,0.0,1,NaN
345,748,14.63598123,14.63598123,0.0,1,NaN
346.0,893.0,13.0934897,11.86831437,0.098,2.0,-0.035
347,556,10.61510029,10.61510029,0.0,1,NaN
348.0,7.0,13.57147605,12.884279177142856,-0.159,7.0,-0.003
349,7,17.83257556,17.83257556,0.0,1,NaN
350,465,15.30810529,15.30810529,0.0,1,NaN
351,404,11.48087703,11.48087703,0.0,1,NaN
352,912,10.36619761,10.36619761,0.0,1,NaN
353,860,10.06601922,10.06601922,0.0,1,NaN
354,734,10.95186487,10.95186487,0.0,1,NaN
355,919,14.94378668,14.94378668,0.0,1,NaN
356.0,3.0,13.81341907,15.93743302875,-0.535,8.0,0.014
357.0,3.0,15.27212825,13.187022094285714,-0.198,7.0,-0.003
358,278,11.84227741,11.84227741,0.0,1,NaN
359.0,12.0,18.09505976,24.15456728125,-0.131,16.0,0.013
360.0,12.0,15.58015921,16.98136295125,0.05,8.0,0.007
361.0,12.0,10.44142333,10.319881173333334,0.096,3.0,-0.002
362.0,498.0,10.44500093,10.277923105,-0.136,2.0,-0.005
363.0,7.0,16.12674168,19.82330300625,-0.364,8.0,0.011
364.0,1047.0,13.1859823,15.760389044285716,-0.001,14.0,-0.005
365.0,391.0,17.49341429,25.480288383076925,-0.2,13.0,0.019
366.0,391.0,19.0592992,18.64624723304348,-0.403,23.0,0.002
367,1056,13.90511744,13.90511744,0.0,1,NaN
368.0,465.0,10.23997952,10.56249253,0.035,2.0,0.01
369,495,11.91738217,11.91738217,0.0,1,NaN
370.0,3.0,10.12749399,11.801045803333333,-0.661,6.0,0.018
371,1027,12.17976382,12.17976382,0.0,1,NaN
372.0,919.0,11.13837737,23.438787456,-1.125,5.0,0.077
373.0,1037.0,11.12023896,16.868502385384616,-0.982,13.0,0.01
374.0,278.0,11.26089793,18.509144651538463,-0.751,13.0,0.024
375.0,550.0,10.61631264,10.344507233333333,-0.043,3.0,-0.003
376,550,10.28026922,10.28026922,0.0,1,NaN
377.0,785.0,12.98302236,13.030372653333332,-0.007,3.0,0.001
378,702,14.48928772,14.48928772,0.0,1,NaN
379,1117,11.00058667,11.00058667,0.0,1,NaN
380,674,12.42459215,12.42459215,0.0,1,NaN
381.0,1155.0,10.42039155,10.37023345,0.149,2.0,-0.002
382.0,1231.0,17.3275374,18.27129076,0.08,6.0,0.004
383.0,1067.0,11.76051619,11.170330305,0.49,2.0,-0.018
384,407,11.28482413,11.28482413,0.0,1,NaN
385,550,13.01590028,13.01590028,0.0,1,NaN
386,12,12.59781228,12.59781228,0.0,1,NaN
387.0,1353.0,16.18446305,14.503761454166666,-0.532,12.0,-0.009
388.0,3.0,13.22795645,12.89890748,0.027,2.0,-0.009
389.0,3.0,13.13155033,12.440709616666666,-0.319,3.0,-0.019
390,1097,10.80594722,10.80594722,0.0,1,NaN
391.0,1419.0,24.65402172,28.649022142,-0.051,5.0,0.017
392,1156,10.10080999,10.10080999,0.0,1,NaN
393,1367,12.98747445,12.98747445,0.0,1,NaN
394,1241,14.23547509,14.23547509,0.0,1,NaN
395.0,919.0,18.35775224,18.877198255,-0.31,6.0,0.004
396.0,919.0,15.16632986,18.95858031923077,-1.21,13.0,0.013
397.0,1494.0,12.31036221,12.25582976,-0.465,2.0,-0.001
398.0,1509.0,13.75452113,12.376228876666666,0.049,3.0,-0.012
399.0,875.0,16.71022677,13.370925872499999,-0.44,4.0,-0.019
400,875,10.06437284,10.06437284,0.0,1,NaN
401.0,2.0,15.57508904,14.59211259,-0.216,2.0,-0.022
402,1307,11.75748151,11.75748151,0.0,1,NaN
403,2,14.32760577,14.32760577,0.0,1,NaN
404.0,1540.0,11.98768813,14.693219248333333,0.238,12.0,-0.002
405.0,1385.0,12.03321458,12.64911211,0.529,2.0,0.016
406.0,1631.0,16.12285249,17.89070451,-0.419,4.0,0.02
407,1632,11.90062955,11.90062955,0.0,1,NaN
408.0,1648.0,22.18921665,24.656010954,-0.504,5.0,0.017
409.0,1677.0,14.62781224,15.063291483333332,-0.595,6.0,0.01
410.0,1699.0,10.28665052,10.626086643333332,0.23,3.0,0.001
411,12,20.60032497,20.60032497,0.0,1,NaN
412.0,1726.0,17.71501613,17.895273706153848,0.44,13.0,-0.004
413.0,1629.0,15.87800132,15.01025967,-0.132,2.0,-0.019
414,875,10.59286162,10.59286162,0.0,1,NaN
415.0,1744.0,11.53117351,14.546647923333333,-0.556,6.0,0.015
416.0,1419.0,15.8693534,26.2413505,0.51,2.0,0.139
417,1419,11.2284068,11.2284068,0.0,1,NaN
418.0,1509.0,10.24139882,11.21185171,-0.054,4.0,0.005
419.0,1806.0,14.50970965,15.585427879999997,-0.015,3.0,0.01
420.0,2.0,13.9000741,16.999985905185184,-0.725,27.0,0.009
421.0,1758.0,10.25762787,11.131876140000001,-0.45,3.0,0.018
422,1597,13.76305797,13.76305797,0.0,1,NaN
423,1765,11.61781428,11.61781428,0.0,1,NaN
424,1767,10.80344726,10.80344726,0.0,1,NaN
425.0,1870.0,16.3023169,22.459695824615384,-1.354,13.0,0.017
426.0,1871.0,18.93441748,14.125196112222223,-1.341,9.0,-0.012
427.0,875.0,15.55685219,16.209536696249998,-0.685,8.0,-0.005
428.0,1921.0,11.63281415,11.392886135,-0.381,2.0,-0.007
429,1494,11.7383034,11.7383034,0.0,1,NaN
430.0,1957.0,14.21007141,17.504434228181818,-0.447,11.0,-0.009
431,1750,11.12406127,11.12406127,0.0,1,NaN
432.0,1803.0,12.61163064,13.862114925714284,-0.224,7.0,0.011
433.0,1804.0,14.44201274,15.231234143333333,-0.733,3.0,0.008
434.0,1977.0,10.40598585,11.989581907142858,-0.137,7.0,0.005
435.0,1994.0,14.92161352,22.30947178666667,-0.505,15.0,0.02
436.0,1998.0,15.28216859,13.57624434875,-0.636,8.0,-0.001
437,2010,12.43432925,12.43432925,0.0,1,NaN
438,1845,11.17592801,11.17592801,0.0,1,NaN
439,1862,11.15673129,11.15673129,0.0,1,NaN
440.0,2044.0,21.12359645,23.785609773846154,-1.168,13.0,-0.003
441.0,2045.0,15.48140997,14.839595803333333,-0.697,3.0,-0.019
442.0,2046.0,21.4485401,24.304977060000002,-0.799,4.0,0.021
443.0,1419.0,15.14919238,15.3747279,-0.118,2.0,0.005
444,1419,13.07439909,13.07439909,0.0,1,NaN
445.0,2098.0,29.29698567,18.975749198076922,-0.527,26.0,-0.004
446.0,2105.0,25.58603773,19.114383087500002,0.242,4.0,-0.059
447,1999,14.81130174,14.81130174,0.0,1,NaN
448.0,411.0,20.43060433,22.48470512833333,0.187,6.0,0.013
449.0,411.0,17.56697288,24.895847923999998,0.826,10.0,0.023
450.0,1851.0,11.91295696,18.68294257551724,-0.574,29.0,0.012
451.0,2.0,14.24990283,23.952682080000002,-1.375,2.0,0.143
452,1648,10.74125514,10.74125514,0.0,1,NaN
453.0,1648.0,12.18897059,12.718601455,-0.482,4.0,0.003
454.0,391.0,16.26289631,20.94277244923077,-0.645,13.0,0.011
455.0,391.0,13.44705708,18.29699637,-0.388,11.0,0.002
456.0,2202.0,21.981281,21.749778696666667,-1.379,3.0,-0.075
457.0,2207.0,14.88929629,15.084070399999998,-0.855,4.0,-0.001
458.0,2214.0,17.26865967,15.784952315000002,-0.577,4.0,-0.022
459,391,11.78191118,11.78191118,0.0,1,NaN
460.0,2.0,17.53865835,15.525494544999999,-0.466,2.0,-0.043
461.0,2.0,14.21500726,22.663996406666666,-0.604,3.0,0.105
462.0,2272.0,25.10631484,25.210643118,-0.319,5.0,0.003
463,1648,10.1166025,10.1166025,0.0,1,NaN
464,2319,12.07244655,12.07244655,0.0,1,NaN
465,12,14.65608599,14.65608599,0.0,1,NaN
466,12,10.81660617,10.81660617,0.0,1,NaN
467.0,12.0,17.32588881,27.773084845,-1.538,2.0,0.132
468,1972,11.25238791,11.25238791,0.0,1,NaN
469,1509,10.69290954,10.69290954,0.0,1,NaN
470,12,11.27480145,11.27480145,0.0,1,NaN
471.0,2105.0,11.56650906,19.88827388142857,-0.461,14.0,0.023
472,2219,11.55735176,11.55735176,0.0,1,NaN
473,2106,12.8898783,12.8898783,0.0,1,NaN
474.0,2375.0,19.03772628,31.192065413333335,-0.17,3.0,0.077
475,2046,11.1564599,11.1564599,0.0,1,NaN
476,2046,11.75458058,11.75458058,0.0,1,NaN
477.0,2385.0,16.27202897,16.8944578,-0.622,4.0,0.011
478.0,2392.0,12.92594539,12.92683453,0.082,3.0,-0.003
479.0,2398.0,18.42574073,13.863479836666668,-1.186,3.0,-0.057
480.0,2400.0,22.84106251,21.05815860235294,-0.186,17.0,0.002
481,2,11.91447738,11.91447738,0.0,1,NaN
482.0,2377.0,12.52766144,15.206713698000002,0.468,10.0,0.007
483.0,2419.0,11.54031413,11.9342242525,-0.577,4.0,0.001
484.0,2420.0,12.53134045,14.463212584285715,-0.764,7.0,0.014
485.0,2431.0,15.67291487,16.068945462,-0.976,5.0,0.003
486.0,2319.0,14.16086348,15.024057540000001,-0.297,3.0,0.011
487.0,12.0,14.12037532,13.782673765,-0.096,2.0,-0.008
488.0,12.0,12.09930157,14.011330932499998,-0.234,8.0,0.004
489.0,12.0,14.01785778,15.71022072,-0.102,3.0,0.015
490.0,2219.0,12.89622475,12.508044376249998,-0.318,8.0,0.001
491,2361,11.6521205,11.6521205,0.0,1,NaN
492.0,2513.0,16.35506342,18.489753391666664,-1.13,6.0,0.012
493.0,2514.0,24.231877,24.81825401,0.635,2.0,0.008
494,2389,10.33124248,10.33124248,0.0,1,NaN
495.0,2544.0,10.02616349,10.1977883,0.277,2.0,0.006
496.0,2558.0,15.24423376,12.886696424285715,0.115,7.0,-0.006
497,1972,10.03863027,10.03863027,0.0,1,NaN
498.0,2566.0,17.05161539,15.638252443846152,-0.027,13.0,-0.008
499.0,2580.0,12.14625259,12.310837665,-0.403,6.0,0.002
500.0,2590.0,26.75139254,31.637514475,0.513,6.0,0.019
501.0,2375.0,14.11100073,12.456853425,0.07,2.0,-0.045
502.0,2375.0,19.2690826,21.088246279,0.487,10.0,-0.011
503.0,875.0,23.9946448,19.133294850625,-0.341,16.0,-0.004
504.0,2502.0,12.31827797,14.21967659,-0.931,6.0,0.019
505.0,919.0,16.33508517,18.542943143333336,-1.004,9.0,-0.004
506,919,10.47670907,10.47670907,0.0,1,NaN
507.0,2629.0,13.62719134,13.86661224,-0.818,5.0,-0.014
508,2207,11.69088584,11.69088584,0.0,1,NaN
509.0,2710.0,18.94629887,24.57563503888889,0.099,9.0,0.016
510.0,2715.0,13.54344563,12.882073547777777,-1.218,9.0,-0.001
511.0,2719.0,28.2512637,32.325667943333336,-0.606,3.0,0.027
512.0,2724.0,12.62549498,14.756952854375001,-0.453,16.0,0.001
513,2514,12.68713394,12.68713394,0.0,1,NaN
514.0,2514.0,14.2929194,25.070065600000003,0.748,5.0,0.034
515.0,2749.0,18.8663172,18.36424967,-0.29,2.0,-0.009
516,2389,10.68323047,10.68323047,0.0,1,NaN
517.0,2767.0,16.7620902,16.8449793875,-0.696,4.0,0.002
518.0,2582.0,12.61161505,13.041766277499999,-0.625,4.0,0.008
519.0,2814.0,12.42598244,12.292526525,0.018,2.0,-0.004
520.0,2585.0,10.73336494,10.80431622,-0.533,2.0,0.002
521.0,2688.0,14.41274623,13.5839972125,0.362,4.0,-0.005
522.0,919.0,10.58687208,11.0921081725,-0.904,4.0,0.002
523.0,2966.0,12.24374617,13.112365930000001,-0.111,3.0,0.013
524,2547,12.2661129,12.2661129,0.0,1,NaN
525.0,2662.0,11.63922193,11.902381385,-0.219,2.0,0.007
526.0,2667.0,10.0308361,10.554090335,0.081,2.0,0.017
527,2564,10.7302213,10.7302213,0.0,1,NaN
528.0,2578.0,16.32473634,18.0989161,0.064,3.0,0.022
529,2695,10.40928058,10.40928058,0.0,1,NaN
530.0,3091.0,14.48406471,16.616985554285716,0.639,7.0,0.012
531,3111,14.80801884,14.80801884,0.0,1,NaN
532,2716,13.16771929,13.16771929,0.0,1,NaN
533.0,3141.0,18.24018931,18.593504413333335,-0.757,3.0,0.006
534.0,3183.0,17.77356087,15.860734836666666,-0.883,3.0,-0.021
535,2804,11.15690599,11.15690599,0.0,1,NaN
536.0,3238.0,14.17307085,18.410440999230772,0.194,13.0,0.017
537.0,3262.0,16.71252099,17.74241659857143,0.326,7.0,0.011
538.0,3271.0,15.37666412,17.924728625714284,0.567,7.0,0.015
539.0,3283.0,17.11504939,19.554512404,0.237,5.0,0.014
540.0,3286.0,13.13095929,13.008391258,0.122,5.0,0.023
541.0,3298.0,12.72472748,15.630748820000003,0.99,7.0,0.006
542,2719,11.97045862,11.97045862,0.0,1,NaN
543.0,3299.0,17.54111322,21.061350080000004,0.426,7.0,0.019
544,2719,15.42853804,15.42853804,0.0,1,NaN
545.0,2585.0,11.34271831,14.937415134,-0.842,5.0,0.03
546.0,2.0,10.26283806,11.2962248525,0.524,4.0,0.014
547.0,3278.0,12.72438501,13.12270108,0.023,2.0,0.01
548,3438,14.91771872,14.91771872,0.0,1,NaN
549.0,875.0,12.63466888,15.920390527999999,-0.687,10.0,0.018
550.0,3444.0,13.85436676,14.289890530000001,-0.617,3.0,0.017
551.0,3446.0,18.1365589,17.961455715,-1.131,4.0,0.004
552.0,3461.0,33.05351997,26.035256513333337,0.038,3.0,-0.122
553,3318,11.05132106,11.05132106,0.0,1,NaN
554.0,1353.0,10.44832614,14.997389027142859,-0.804,14.0,0.003
555.0,3516.0,10.6787539,11.301370825,-0.419,2.0,0.018
556.0,3517.0,10.92660764,12.314231222222224,-0.714,9.0,0.003
557.0,2590.0,18.59223634,22.8563444625,0.351,8.0,0.016
558.0,2590.0,12.07894749,13.555829571999999,0.115,5.0,0.015
559,3554,12.48423085,12.48423085,0.0,1,NaN
560.0,3556.0,19.78099365,16.667234689999997,-0.925,7.0,-0.028
561.0,3562.0,15.45375834,13.2636801,0.035,2.0,-0.056
562.0,3567.0,14.45997007,16.378081686666665,-0.696,3.0,0.022
563.0,3593.0,12.33030431,13.260826486666668,-0.399,3.0,0.009
564.0,3594.0,14.81558886,15.247948919999999,-0.714,6.0,-0.003
565.0,3596.0,15.79189621,17.037032193333335,-0.852,3.0,0.014
566.0,3606.0,10.28085395,10.864815979999998,0.034,3.0,0.011
567.0,3613.0,15.67412572,18.301203428181818,-0.745,11.0,0.012
568.0,3614.0,23.05709384,30.875460545,-0.307,4.0,0.037
569,3526,10.82962133,10.82962133,0.0,1,NaN
570.0,3672.0,11.9220805,14.349931444000001,1.006,5.0,-0.003
571,3547,10.91168676,10.91168676,0.0,1,NaN
572.0,3554.0,13.67143918,15.604214795999999,-0.84,5.0,0.018
573.0,3554.0,18.26263007,15.327084692500001,-0.415,4.0,-0.017
574.0,3438.0,14.78599185,14.903071758000001,-0.883,5.0,-0.004
575.0,3713.0,34.55271714,31.4147516525,-1.03,4.0,-0.064
576.0,3724.0,27.62112358,26.864137306666667,-0.573,3.0,-0.014
577,3595,10.08223721,10.08223721,0.0,1,NaN
578,12,16.30022354,16.30022354,0.0,1,NaN
579.0,3603.0,14.61060856,14.67383194,0.116,2.0,0.001
580.0,1994.0,16.15977151,17.597887418888888,-0.396,9.0,-0.01
581.0,391.0,16.96818556,19.41334597863636,-1.215,22.0,0.002
582.0,1994.0,16.82812905,15.180911980000003,-0.138,7.0,-0.012
583,391,11.00272813,11.00272813,0.0,1,NaN
584.0,3835.0,12.30235816,13.912315523999998,0.853,5.0,0.004
585.0,3111.0,19.12147981,15.227223497499999,1.001,4.0,-0.034
586,3318,10.52543861,10.52543861,0.0,1,NaN
587.0,3526.0,12.53692099,16.938725707,0.132,10.0,0.013
588.0,3684.0,11.77726326,12.50663639,-1.024,2.0,0.019
589.0,3974.0,17.18149446,15.63770091,-0.379,2.0,-0.033
590.0,3975.0,14.67626427,15.20228054,-0.166,2.0,0.012
591.0,4019.0,18.75311346,19.63985202,-1.442,4.0,0.006
592.0,2219.0,10.70644513,12.016187772,-0.28,5.0,0.01
593.0,3609.0,10.39884336,10.55733157,-0.048,2.0,0.005
594.0,391.0,12.41286775,11.7321291,-0.145,2.0,-0.019
595.0,4056.0,14.24361311,15.772186504285715,-0.359,7.0,0.003
596.0,4102.0,11.00543176,13.20535678,-0.045,3.0,0.036
597.0,2710.0,17.36986068,16.495545618,-0.056,5.0,-0.005
598.0,2710.0,11.74767222,11.67870192,0.331,2.0,-0.002
599.0,4136.0,15.07832884,13.7964811975,1.114,4.0,-0.012
600.0,3989.0,18.23960268,19.236538093333333,-0.302,3.0,0.006
601.0,3705.0,10.43983214,11.001278756666666,-0.299,3.0,0.014
602.0,3902.0,10.2986733,10.72900079,-0.197,2.0,0.013
603.0,2105.0,14.77259408,18.37208921238095,0.046,21.0,-0.0
604.0,2105.0,15.61923584,14.286162028000001,-0.23,5.0,-0.005
605.0,3614.0,15.22366055,22.44744036333333,-1.422,12.0,0.02
606.0,3614.0,15.1972079,16.501351784444445,-0.449,9.0,-0.014
607,3818,10.78551019,10.78551019,0.0,1,NaN
608.0,2105.0,14.54160821,18.552063969,0.044,20.0,-0.0
609.0,4399.0,14.98121972,17.73717508857143,-0.163,7.0,0.014
610.0,4407.0,12.80642778,13.470510813333334,-0.166,3.0,0.005
611.0,4413.0,20.39319407,16.789462938333333,-0.652,6.0,-0.014
612,4415,14.08829642,14.08829642,0.0,1,NaN
613.0,4418.0,12.71445214,13.204463753333334,-0.226,3.0,0.007
614.0,4479.0,19.48969175,21.232623027142857,-0.618,7.0,-0.022
615.0,2105.0,14.86246666,18.763140587894735,0.056,19.0,-0.0
616.0,3609.0,10.81037697,11.411621175,0.021,2.0,0.018
617.0,3916.0,10.22291027,18.910339003,-0.678,10.0,0.012
618.0,2.0,15.4852578,14.160945040000001,-0.621,3.0,-0.041
619,4370,11.13249527,11.13249527,0.0,1,NaN
620.0,4067.0,10.13954478,13.209560534285716,-0.297,7.0,0.016
621,4098,10.21118567,10.21118567,0.0,1,NaN
622,4543,23.45921,23.45921,0.0,1,NaN
623.0,2105.0,16.8819573,18.979844694999997,0.077,18.0,-0.003
624.0,2566.0,11.58366804,10.895034233999999,0.165,5.0,-0.008
625.0,4903.0,13.85020927,15.867947900999999,-0.753,10.0,0.013
626,4958,10.39870335,10.39870335,0.0,1,NaN
627.0,4987.0,17.26116579,17.745524056666667,-0.173,3.0,0.006
628,4415,13.47467999,13.47467999,0.0,1,NaN
629.0,4996.0,18.35227698,19.11454636,0.708,2.0,0.013
630.0,5113.0,30.99126179,15.740322500000003,0.61,9.0,-0.032
631.0,5123.0,30.11197237,27.590313539999997,0.185,4.0,0.01
632,875,10.86308856,10.86308856,0.0,1,NaN
633.0,5267.0,16.20342953,16.6594353475,-1.254,4.0,-0.0
634.0,5309.0,35.27448559,16.89981625125,0.223,8.0,-0.03
635.0,5358.0,13.68364348,16.763450522499998,0.106,12.0,0.003
636.0,5360.0,15.38158951,17.022874106666666,-0.225,3.0,0.023
637,5377,13.97175713,13.97175713,0.0,1,NaN
638.0,5267.0,17.09027548,16.811437286666663,-1.258,3.0,-0.006
639.0,5266.0,16.81813804,13.567173870000001,0.468,2.0,-0.081
640.0,5498.0,11.87461256,13.170007522,-0.826,5.0,0.008
641.0,5499.0,15.89978443,18.064341256,-0.591,5.0,0.022
642.0,5501.0,12.5191561,16.689889354285715,-0.307,7.0,0.021
643.0,5524.0,27.78620389,25.4799049625,-0.443,8.0,-0.008
644.0,5534.0,17.40716974,18.90417896,-0.317,5.0,0.014
645.0,5607.0,20.79528251,30.216289865,-0.144,4.0,0.051
646.0,5625.0,10.89656503,12.163551415,-0.029,4.0,0.019
647.0,5684.0,19.65355561,19.935175362000003,0.037,5.0,-0.022
648,4479,23.18336305,23.18336305,0.0,1,NaN
649.0,5720.0,18.58378591,14.744752785,-0.882,2.0,-0.089
650.0,5727.0,21.6525544,20.654098475,0.137,10.0,-0.02
651.0,5497.0,10.78568868,12.773059832500001,-0.629,4.0,0.017
652,5733,10.51290369,10.51290369,0.0,1,NaN
653.0,5734.0,28.74738362,23.287049606666667,-0.689,6.0,-0.035
654,5503,11.5364886,11.5364886,0.0,1,NaN
655,5318,15.4615196,15.4615196,0.0,1,NaN
656,5525,10.4639755,10.4639755,0.0,1,NaN
657,5667,10.14492604,10.14492604,0.0,1,NaN
658.0,5691.0,14.08767294,13.451264389999999,0.185,2.0,-0.016
659,5261,10.25041211,10.25041211,0.0,1,NaN
660.0,5932.0,18.92396278,18.192285463333334,-0.119,3.0,-0.007
661.0,5972.0,15.26425059,16.471946343333332,-1.15,6.0,0.009
662.0,5123.0,12.96088529,13.474524388333334,0.181,6.0,0.004
663.0,5981.0,16.86464508,18.000348669999997,-0.789,3.0,0.014
664,5759,10.93621775,10.93621775,0.0,1,NaN
665.0,5123.0,14.51839285,14.976928435000001,-0.029,4.0,-0.012
666.0,5795.0,11.20526006,11.567189115000001,-0.06,2.0,0.01
667.0,6028.0,11.66881043,15.103640318571427,-0.323,7.0,0.021
668.0,6030.0,19.07496257,19.519016611428572,0.266,7.0,0.005
669.0,6045.0,14.29045801,15.914879636666667,-0.272,9.0,-0.01
670.0,6135.0,14.81108521,24.10703334,0.337,8.0,0.032
671,5733,10.918385,10.918385,0.0,1,NaN
672.0,5261.0,10.50550951,10.69014601,-0.204,2.0,0.006
673.0,6376.0,16.41786709,16.295714862500002,-1.438,8.0,-0.002
674.0,6377.0,16.54540799,16.55669985666667,-0.799,3.0,0.001
675.0,6379.0,31.84424201,17.58113573,-1.474,4.0,-0.08
676.0,6394.0,10.61231456,10.43589819,-0.672,2.0,-0.006
677,5759,10.43691095,10.43691095,0.0,1,NaN
678.0,6416.0,17.82919357,20.112658915555556,-0.463,9.0,0.012
679,1851,15.40791627,15.40791627,0.0,1,NaN
680,1851,14.10858374,14.10858374,0.0,1,NaN
681.0,6479.0,15.86962166,16.4988594125,-0.246,4.0,0.006
682,5607,19.17609974,19.17609974,0.0,1,NaN
683.0,5607.0,16.00705645,15.561362605,0.186,2.0,-0.01
684.0,6597.0,13.29265627,15.481775838333334,-0.537,6.0,0.006
685.0,6598.0,13.56092201,13.594182369999999,-0.229,3.0,0.002
686,5734,10.43976257,10.43976257,0.0,1,NaN
687.0,6605.0,12.98712901,12.433765406666666,-0.049,3.0,-0.012
688.0,6617.0,19.27345609,19.585961158333333,-0.549,6.0,-0.005
689.0,6419.0,11.26033189,11.060013614999999,-0.39,2.0,-0.006
690.0,6682.0,12.88873545,13.379696970000001,-0.283,10.0,0.004
691,6683,11.38698956,11.38698956,0.0,1,NaN
692.0,6733.0,16.32024743,17.01648057,-0.192,3.0,0.014
693.0,6818.0,17.27576303,18.22624618,-0.912,4.0,0.007
694.0,6819.0,21.63341083,23.401895513333333,-0.76,3.0,0.019
695.0,6820.0,14.59785442,12.380500203333334,-0.977,3.0,-0.027
696.0,6826.0,19.54325594,19.565780663333335,0.467,3.0,0.008
697,6831,16.86234275,16.86234275,0.0,1,NaN
698.0,6836.0,12.89544492,14.602086633999999,-0.38,5.0,0.01
699.0,6618.0,10.13081635,10.90836117,-0.377,2.0,0.024
700,6821,10.79465637,10.79465637,0.0,1,NaN
701.0,6824.0,13.37226065,13.247097682857143,-1.431,7.0,0.008
702.0,6913.0,15.43567863,15.431683139999999,-0.873,4.0,-0.021
703.0,6923.0,13.94052494,13.852967146666666,1.214,3.0,-0.012
704.0,6926.0,19.60692388,17.783178513333333,0.128,3.0,-0.034
705.0,6394.0,11.03910679,10.79194824,-0.752,2.0,-0.008
706,6930,24.62100995,24.62100995,0.0,1,NaN
707.0,6953.0,16.83361118,18.062889877499998,-0.602,4.0,0.018
708.0,6958.0,17.25544115,17.16359459,-0.512,5.0,-0.007
709.0,6967.0,15.73667969,16.858463513333334,-0.483,3.0,0.009
710.0,6974.0,16.43079043,16.67334755,-0.978,7.0,0.002
711.0,6982.0,14.13019491,14.545767203333334,0.021,3.0,0.002
712.0,6985.0,11.85912428,12.160076606666665,0.447,3.0,0.001
713.0,6990.0,14.19429286,13.111865653333332,-1.154,6.0,0.004
714,6831,11.90840908,11.90840908,0.0,1,NaN
715,6930,24.301225,24.301225,0.0,1,NaN
716.0,6930.0,13.48910075,14.34775368,-0.573,2.0,0.02
717.0,7107.0,15.11912083,13.83920713,-0.526,4.0,-0.008
718.0,7274.0,16.29209291,17.52846927,-0.638,3.0,0.015
719.0,7300.0,12.21727103,12.159474863333331,-0.821,3.0,0.003
720,7306,13.92638278,13.92638278,0.0,1,NaN
721.0,6135.0,12.69653287,13.121076815,0.104,8.0,-0.003
722.0,6135.0,10.40471565,11.256741906666667,-0.432,3.0,0.012
723.0,7345.0,10.02904709,14.952532570000002,-1.427,3.0,0.053
724.0,7346.0,16.84516878,17.8310140825,-1.032,4.0,0.009
725.0,7202.0,13.99081863,13.126076122,-1.45,5.0,-0.012
726.0,7373.0,17.42213254,19.36572319,-0.939,3.0,0.024
727.0,6982.0,17.92351617,19.309928664999997,-0.583,6.0,0.01
728.0,6982.0,12.8811107,11.979576175,-0.868,2.0,-0.025
729.0,7441.0,11.4124103,10.78075378,-0.187,5.0,-0.004
730.0,7449.0,16.92191917,17.791784383333333,-1.459,6.0,-0.003
731.0,7451.0,30.17358801,32.03118216,0.51,2.0,0.019
732,7471,13.07083642,13.07083642,0.0,1,NaN
733.0,7476.0,12.43612804,11.482390996666666,-0.054,3.0,-0.015
734.0,7480.0,11.06672626,20.14092771,-0.375,10.0,0.027
735.0,7484.0,15.15830014,20.662596332222222,0.107,9.0,0.023
736.0,7494.0,16.41047986,18.975163867142857,0.412,7.0,0.014
737.0,7391.0,11.66968403,15.10860638,-0.169,3.0,0.057
738.0,7522.0,18.33137832,15.203659155999997,-0.349,5.0,-0.029
739.0,7612.0,23.4029071,18.22017672,1.318,3.0,-0.045
740,7653,11.9100947,11.9100947,0.0,1,NaN
741.0,7674.0,10.29830767,12.20687179,-0.539,3.0,0.029
742.0,7698.0,11.18192424,12.378152901000002,-0.291,10.0,0.002
743.0,7701.0,20.94164578,21.75924834,-0.06,2.0,0.013
744.0,7749.0,14.91405451,16.7425899025,0.475,4.0,0.006
745.0,7761.0,19.84767112,20.1753455325,0.556,4.0,-0.006
746.0,7777.0,15.25133724,13.75916961,-0.588,5.0,-0.01
747.0,7804.0,13.29783176,13.494114944444444,0.45,18.0,0.001
748.0,7813.0,11.52210751,13.202164606428571,0.37,14.0,0.009
749,7345,19.00712271,19.00712271,0.0,1,NaN
750,7345,10.182617,10.182617,0.0,1,NaN
751.0,7832.0,15.00857349,15.119022155,-0.185,2.0,0.002
752,7471,11.80709457,11.80709457,0.0,1,NaN
753.0,7501.0,19.41020674,14.955468695,0.132,2.0,-0.102
754,7512,11.24486202,11.24486202,0.0,1,NaN
755,7696,11.5241899,11.5241899,0.0,1,NaN
756.0,8080.0,16.88155839,15.075883569999997,-0.01,3.0,-0.035
757,8113,15.27443521,15.27443521,0.0,1,NaN
758.0,8167.0,19.92175776,23.7408916675,0.598,8.0,0.015
759.0,8236.0,17.76867343,17.4729977,-0.425,2.0,-0.006
760.0,8288.0,15.44836678,15.322370639999999,0.271,2.0,-0.003
761,7965,10.57767378,10.57767378,0.0,1,NaN
762.0,8615.0,16.59536895,15.00983373,0.336,5.0,-0.018
763.0,8665.0,17.30741338,16.75044019,-0.712,4.0,-0.002
764,7898,10.44970608,10.44970608,0.0,1,NaN
765.0,8806.0,18.44051488,18.554361276666665,-0.088,3.0,-0.017
766.0,8158.0,10.61521775,10.790852253333334,0.233,3.0,0.003
767.0,8885.0,16.99548441,18.054187414,-1.151,5.0,-0.001
768,6824,11.39000649,11.39000649,0.0,1,NaN
769,8288,13.59474997,13.59474997,0.0,1,NaN
770.0,8288.0,11.71195078,13.396008155,0.245,8.0,0.011
771.0,8710.0,11.33795692,12.46346365,0.001,2.0,0.03
772.0,9041.0,27.26734825,18.174423270000002,-0.832,3.0,-0.089
773.0,9058.0,12.44826078,15.3246788825,-0.432,8.0,0.018
774.0,9074.0,14.93612372,13.22639132,-0.607,3.0,-0.01
775.0,9088.0,22.27690582,23.724063393333335,0.028,3.0,0.018
776.0,9191.0,18.86858082,18.860200409999997,-0.548,2.0,-0.0
777.0,9204.0,15.75066686,16.42764678,-0.1,2.0,0.014
778.0,9206.0,19.51435165,19.73033009,0.049,2.0,0.004
779.0,9212.0,14.30374881,14.887760382857142,-1.451,7.0,-0.008
780.0,9227.0,33.70309777,29.214494088333335,-1.001,6.0,-0.032
781.0,9259.0,18.80876319,20.660318495714282,-0.272,7.0,0.014
782.0,9309.0,13.5077337,16.535090152499997,-0.018,4.0,0.038
783,9191,18.85182,18.85182,0.0,1,NaN
784.0,9347.0,14.06891882,15.217431816666666,-1.164,3.0,0.014
785.0,9412.0,11.57969498,14.51541286,-0.184,3.0,0.041
786.0,9418.0,16.00522448,16.369302498,-0.128,5.0,0.001
787.0,9457.0,11.79755044,15.757333415000002,-0.455,8.0,0.018
788.0,9511.0,13.06510671,12.67835733,-0.926,2.0,-0.01
789.0,8245.0,12.81662053,13.215406685,-0.544,2.0,0.01
790.0,9529.0,22.20597321,19.029598616666668,0.595,3.0,-0.082
791.0,9379.0,11.87003105,11.547502465,-1.439,2.0,-0.009
792.0,9634.0,20.0828361,21.112400636,-0.711,5.0,0.015
793,8806,10.15832495,10.15832495,0.0,1,NaN
794,8806,10.2816036,10.2816036,0.0,1,NaN
795,9301,16.29055306,16.29055306,0.0,1,NaN
796,9460,11.19474877,11.19474877,0.0,1,NaN
797.0,9790.0,11.6710541,11.033740505,0.207,2.0,-0.019
798,9805,13.37063776,13.37063776,0.0,1,NaN
799.0,9342.0,10.56103152,11.72148161,0.46,3.0,0.02
800.0,9916.0,19.62044577,19.03101227333333,-0.725,3.0,-0.0
801,7484,15.09626077,15.09626077,0.0,1,NaN
802,7484,13.12648202,13.12648202,0.0,1,NaN
803.0,9995.0,13.8297808,15.137681627777779,-0.535,9.0,0.003
804.0,10015.0,14.49328133,14.140075105,-0.358,4.0,0.011
805.0,10033.0,14.09341486,15.9609315575,-0.457,8.0,0.006
806.0,10051.0,16.29355757,14.312902371428569,-0.555,7.0,-0.016
807.0,10073.0,11.81806868,13.124551050000003,-0.135,5.0,0.019
808.0,10139.0,19.22171213,16.600229963333334,0.403,3.0,-0.052
809.0,10140.0,16.27974249,16.381134565,-0.003,2.0,0.002
810.0,10171.0,14.47433482,17.1380221575,0.024,4.0,0.042
811.0,9916.0,17.86986332,18.736295525000003,-0.548,2.0,0.015
812.0,10257.0,15.73931746,16.67008500142857,-0.584,7.0,0.003
813.0,8167.0,12.28597422,12.13979489,-0.364,3.0,0.009
814.0,8167.0,11.16389494,12.308091323333334,-0.037,3.0,0.021
815.0,10364.0,18.06304591,15.438045511666667,-2.434,6.0,-0.02
816.0,10380.0,26.49970484,20.06889787,-0.09,3.0,-0.069
817,9990,11.70507507,11.70507507,0.0,1,NaN
818,7698,11.52692562,11.52692562,0.0,1,NaN
819,9965,11.33013964,11.33013964,0.0,1,NaN
820.0,10710.0,14.03805951,12.569094333333334,-0.565,6.0,-0.01
821.0,9805.0,14.52388537,15.653717755,0.321,12.0,0.009
822.0,10861.0,10.27978881,11.612559291666665,0.264,6.0,0.013
823.0,10886.0,21.47490725,21.505107665,-1.975,2.0,0.0
824.0,10919.0,16.50487563,15.547070073333332,-1.191,3.0,-0.023
825.0,10930.0,11.70554038,13.743329853333334,0.108,3.0,0.008
826.0,10932.0,16.75815117,18.23445689,-0.614,2.0,0.027
827.0,10987.0,16.13179108,15.394587308333334,0.553,6.0,-0.004
828.0,10996.0,17.7578851,17.3026313375,-0.404,4.0,-0.01
829.0,11006.0,16.15124127,17.853957075,-0.186,4.0,0.014
830.0,11051.0,13.77344118,17.189143465,0.123,6.0,-0.001
831,10886,21.53530808,21.53530808,0.0,1,NaN
832,10171,10.47039258,10.47039258,0.0,1,NaN
833.0,10171.0,15.57948376,24.128485056666666,0.652,3.0,0.069
834.0,11153.0,11.30822984,12.06164282,0.476,2.0,0.021
835.0,11159.0,14.56721944,13.7167943,-0.031,2.0,-0.021
836.0,11250.0,17.22122661,18.556435126666667,0.234,3.0,0.012
837.0,11303.0,26.58819124,23.1069349,-0.167,3.0,-0.076
838.0,11329.0,10.39323309,10.825609146666666,0.202,3.0,0.003
839.0,11438.0,14.2800789,13.51364239,0.581,4.0,-0.009
840.0,11043.0,13.06501939,12.878766774999999,1.448,2.0,-0.005
841.0,11497.0,14.65718562,12.971313949999999,0.278,4.0,-0.014
842.0,11539.0,15.98569375,16.354564333333332,-0.185,3.0,0.008
843,11419,11.41041115,11.41041115,0.0,1,NaN
844.0,11741.0,17.55909582,15.521384,1.133,3.0,-0.005
845.0,11789.0,13.95333564,14.714276543333334,-0.244,3.0,0.014
846.0,11797.0,12.14218892,11.441429573333332,-1.65,3.0,-0.008
847.0,10930.0,14.75103312,14.93663266,0.016,3.0,0.004
848.0,11806.0,23.78649871,17.239825395,-0.682,2.0,-0.133
849.0,12021.0,18.01225462,17.648308595,1.739,2.0,-0.007
850.0,12083.0,20.75773233,17.32398885,-1.373,2.0,-0.067
851.0,12161.0,14.33103788,13.92933595,-0.334,5.0,-0.007
852.0,12256.0,17.04506566,17.16378478333333,-0.566,3.0,0.011
853.0,12257.0,18.9752,18.991846172499997,0.028,4.0,-0.009
854.0,12260.0,12.13696884,14.184701409999999,0.043,2.0,0.048
855.0,12264.0,20.46673393,18.98869587,0.051,2.0,-0.026
856.0,12266.0,15.18892351,15.758785743333334,0.231,3.0,0.007
857,11813,13.73554421,13.73554421,0.0,1,NaN
858,12343,23.24830975,23.24830975,0.0,1,NaN
859.0,12349.0,15.65869984,18.030677764444444,-0.593,9.0,0.009
860.0,12353.0,14.48589997,16.8961179775,-0.326,8.0,0.016
861.0,12410.0,11.91821963,16.722073685454543,-0.023,11.0,0.003
862.0,12419.0,12.71749241,12.698531633333332,-1.037,3.0,-0.008
863.0,12434.0,14.28586044,13.681396075000002,0.343,4.0,-0.003
864,12283,12.34602811,12.34602811,0.0,1,NaN
865.0,12443.0,17.11415112,16.882079197499998,0.229,4.0,-0.003
866.0,12476.0,16.90106452,16.750478206,0.851,5.0,-0.001
867.0,12677.0,21.28162876,20.2308148,0.133,4.0,-0.002
868.0,12723.0,17.94560337,19.353071963333335,0.087,3.0,0.016
869.0,12735.0,11.72775221,11.44897106,-1.649,2.0,-0.008
870,12343,10.139022,10.139022,0.0,1,NaN
871.0,12874.0,20.92147384,19.957515996666668,1.733,3.0,-0.0
872.0,12890.0,15.3244945,15.239275436666667,-0.73,3.0,0.004
873,12908,15.44388465,15.44388465,0.0,1,NaN
874.0,12942.0,12.82958633,13.518717903333332,-1.224,3.0,0.014
875.0,12963.0,19.82698116,33.319025970000006,-0.354,3.0,0.085
876.0,12971.0,12.22600869,12.16524558,-0.312,2.0,-0.002
877.0,13058.0,17.75106348,18.833090303333332,0.893,3.0,0.012
878.0,12874.0,18.08535897,19.475537075,0.502,2.0,0.024
879.0,13070.0,23.63035653,24.331119575000002,0.041,2.0,0.01
880.0,13091.0,21.7159532,25.572523880000002,1.365,3.0,0.028
881.0,13103.0,15.53068389,14.747514526666665,0.037,3.0,-0.029
882.0,13120.0,14.28837922,15.398720214999999,-0.611,2.0,0.024
883,12947,11.29449219,11.29449219,0.0,1,NaN
884.0,13149.0,12.79130569,15.36394864,-0.572,4.0,0.025
885.0,13289.0,24.03417705,23.195034319999998,0.134,2.0,-0.012
886,12908,11.13149356,11.13149356,0.0,1,NaN
887.0,12735.0,12.58321035,15.189217316666666,-1.202,3.0,0.04
888.0,13555.0,25.31200656,25.31384637,0.336,2.0,0.0
889,13569,19.04197436,19.04197436,0.0,1,NaN
890,13070,14.90776393,14.90776393,0.0,1,NaN
891.0,13070.0,17.28147812,16.439649655,-0.869,2.0,-0.017
892.0,13644.0,16.69264678,18.415757786666667,-0.628,3.0,0.018
893.0,12963.0,14.64507307,15.511033444999999,-0.741,2.0,0.019
894.0,12963.0,19.51575493,20.205294865,-0.544,2.0,0.011
895.0,13718.0,13.32456541,13.9909526,-0.776,2.0,0.016
896,13555,25.31568618,25.31568618,0.0,1,NaN
897.0,13847.0,14.87444178,14.1619749525,0.436,4.0,-0.009
898.0,14130.0,24.84938053,20.67164598,-1.465,3.0,-0.057
899.0,14150.0,20.84081804,22.11677325,-0.764,2.0,0.019
900.0,14154.0,17.22462871,18.94200879125,1.012,8.0,0.01
901.0,14374.0,14.84801225,20.28020771,1.036,9.0,0.02
902,14378,14.3042161,14.3042161,0.0,1,NaN
903.0,14466.0,15.6322744,22.8397028475,-1.068,4.0,0.056
904.0,14501.0,17.45833108,17.108198613333332,-0.035,3.0,-0.006
905,13718,14.66529552,14.66529552,0.0,1,NaN
906.0,14735.0,15.72562278,16.3890982,0.536,2.0,0.014
907.0,14807.0,14.99024213,20.7401060225,-1.563,4.0,0.038
908.0,14824.0,20.67518855,14.840040083333333,-0.867,3.0,-0.068
909.0,14841.0,24.24156574,20.58050606666667,0.213,3.0,-0.066
910.0,14852.0,18.70749197,20.599560565,-0.372,4.0,0.024
911.0,15132.0,16.46993083,13.419307555,0.194,2.0,-0.077
912,14329,12.28103769,12.28103769,0.0,1,NaN
913.0,15778.0,10.75787295,11.567685895714282,0.377,7.0,-0.002
914.0,14466.0,14.19021072,14.30244826,-0.4,2.0,0.003
915.0,14466.0,12.36411743,12.818510850000001,-0.109,3.0,0.001
916.0,15640.0,14.24371252,14.705160795000001,0.011,2.0,0.01
917,16484,10.49249493,10.49249493,0.0,1,NaN
918.0,16529.0,12.48673034,11.077646358571428,0.258,7.0,-0.009
919,14807,17.78606731,17.78606731,0.0,1,NaN
920,14807,10.4550685,10.4550685,0.0,1,NaN
921,16057,11.57236469,11.57236469,0.0,1,NaN
922,15296,13.64486972,13.64486972,0.0,1,NaN
923,15685,10.30959956,10.30959956,0.0,1,NaN
924.0,17720.0,14.25354891,16.02541309,0.908,4.0,0.01
925,17726,15.30435993,15.30435993,0.0,1,NaN
926,16604,10.63718886,10.63718886,0.0,1,NaN
927.0,14807.0,18.20754281,26.24713305,-0.024,2.0,0.105
928,14807,11.40938422,11.40938422,0.0,1,NaN
929.0,17726.0,14.10917128,13.163293079999999,-0.052,2.0,-0.024
930.0,17726.0,13.2096566,13.993525532500001,-0.811,4.0,0.011
931.0,18300.0,16.48017973,14.785813965000001,-0.558,4.0,-0.028
932.0,18336.0,32.09762468,22.097635723333337,-0.465,3.0,-0.059
933,17831,15.98904695,15.98904695,0.0,1,NaN
934.0,15997.0,10.81504922,10.803151993333335,0.385,3.0,0.002
935,16057,11.52653462,11.52653462,0.0,1,NaN
936,15640,10.22066345,10.22066345,0.0,1,NaN
937,16104,10.35127979,10.35127979,0.0,1,NaN
938,15296,15.93481851,15.93481851,0.0,1,NaN
939,18191,14.85332835,14.85332835,0.0,1,NaN
940.0,14807.0,14.5548011,17.62979739666667,-0.943,6.0,0.016
941.0,14807.0,11.99423197,13.24342877857143,-0.728,7.0,0.002
942,18727,10.56831056,10.56831056,0.0,1,NaN
943.0,19707.0,14.7675307,15.145199976666666,0.875,3.0,0.012
944,18273,12.06315291,12.06315291,0.0,1,NaN
945,17831,14.99463721,14.99463721,0.0,1,NaN
946.0,19349.0,14.42058745,14.435369949999998,-0.978,2.0,0.0
947.0,21132.0,17.45077571,19.812154437500002,-0.854,8.0,-0.008
948,20092,18.51168084,18.51168084,0.0,1,NaN
949.0,20202.0,12.12950263,12.54250713,-0.08,2.0,0.011
950,19349,14.45015245,14.45015245,0.0,1,NaN
951,21387,12.03049598,12.03049598,0.0,1,NaN
952.0,20410.0,12.16740507,12.214862499999999,-0.329,2.0,0.001
953,20590,11.91947401,11.91947401,0.0,1,NaN
954,20753,10.14774361,10.14774361,0.0,1,NaN
955,19831,10.00592526,10.00592526,0.0,1,NaN
956,21012,10.79583543,10.79583543,0.0,1,NaN
957,22441,11.68789424,11.68789424,0.0,1,NaN
958.0,23210.0,20.32856658,18.150736903000002,-0.762,10.0,-0.019
959.0,21387.0,13.33825108,14.9756051675,-0.36,4.0,-0.012
960,23941,14.60783034,14.60783034,0.0,1,NaN
961,23330,12.33664725,12.33664725,0.0,1,NaN
962.0,24449.0,10.37055244,11.380469493333335,0.12,3.0,0.022
963,23302,11.55008195,11.55008195,0.0,1,NaN
964,25658,11.94155882,11.94155882,0.0,1,NaN
965.0,23330.0,13.30309815,14.054362781999998,-0.542,5.0,-0.018
966,25119,10.2399849,10.2399849,0.0,1,NaN
967,24427,10.6002105,10.6002105,0.0,1,NaN
968,26178,10.08539189,10.08539189,0.0,1,NaN
969,25597,10.02365746,10.02365746,0.0,1,NaN
970.0,27530.0,10.21502964,10.979923503333334,-0.745,3.0,0.009
971.0,21387.0,11.73212408,12.602548904999999,-0.29,2.0,0.023
972,27748,11.10444131,11.10444131,0.0,1,NaN
973,25597,10.73313555,10.73313555,0.0,1,NaN
974,28175,10.05451374,10.05451374,0.0,1,NaN
975,28180,10.98219948,10.98219948,0.0,1,NaN
976,30712,12.09829268,12.09829268,0.0,1,NaN
977,30919,11.69600013,11.69600013,0.0,1,NaN
978,31254,10.14238219,10.14238219,0.0,1,NaN
979,31983,12.77782924,12.77782924,0.0,1,NaN
980,30553,12.04452603,12.04452603,0.0,1,NaN
981,30919,15.21211945,15.21211945,0.0,1,NaN
982,27321,11.53440923,11.53440923,0.0,1,NaN
983.0,30268.0,11.58181092,11.688072470000002,0.228,4.0,0.004
984,31747,10.87281873,10.87281873,0.0,1,NaN
985,29274,10.98927841,10.98927841,0.0,1,NaN
986,31208,10.14131767,10.14131767,0.0,1,NaN
987.0,34114.0,13.46651495,13.28223709,-0.582,3.0,-0.032
988.0,34129.0,16.37705099,14.17153597,-0.192,2.0,-0.052
989.0,30919.0,15.4477773,13.611117425,-0.253,2.0,-0.045
990.0,36030.0,10.30769739,10.392288364999999,-0.454,2.0,0.003
991,34868,11.54474624,11.54474624,0.0,1,NaN
992,34939,11.14908155,11.14908155,0.0,1,NaN
993,36517,12.77516518,12.77516518,0.0,1,NaN
994.0,36795.0,12.82640597,13.045096615,-0.032,4.0,-0.01
995.0,37513.0,11.4453811,13.565595250000001,-0.214,2.0,0.053
996.0,36675.0,20.59409238,14.60076703,0.505,3.0,-0.05
997.0,36030.0,18.5998656,14.399986885,-0.816,2.0,-0.1
998.0,34114.0,10.33396351,10.29550487,-0.035,2.0,-0.001
999.0,38161.0,11.92761613,11.583273535,-0.072,4.0,0.013
1000,36637,10.41700034,10.41700034,0.0,1,NaN
1001.0,36015.0,11.79614133,11.74937344,-0.342,2.0,-0.001
1002.0,36845.0,10.04109823,10.85958378,0.047,2.0,0.025
1003,36293,11.45792757,11.45792757,0.0,1,NaN
1004.0,38139.0,10.25836517,11.631588183999998,-0.02,5.0,0.015
1005,38141,11.39019453,11.39019453,0.0,1,NaN
1006.0,38197.0,11.06993804,11.050315033333334,-0.747,3.0,-0.0
1007.0,40088.0,11.9210924,12.49619765,-0.309,3.0,0.007
1008.0,39854.0,11.65230578,11.8991136,-0.053,6.0,-0.007
1009.0,41116.0,11.65388316,11.62532299,0.439,2.0,-0.001
1010.0,38197.0,11.03901921,11.040503529999999,-0.15,2.0,0.0
1011.0,40494.0,11.43702494,11.55047673,-0.197,2.0,0.003
1012,38197,11.04198785,11.04198785,0.0,1,NaN
1013,41596,10.42057455,10.42057455,0.0,1,NaN
1014,42386,10.83921752,10.83921752,0.0,1,NaN
1015.0,42347.0,13.9890304,13.75952611,0.557,2.0,-0.006
1016,42353,10.12256893,10.12256893,0.0,1,NaN
1017,43025,10.24403939,10.24403939,0.0,1,NaN
1018,41667,11.31457322,11.31457322,0.0,1,NaN
1019,43527,11.08258316,11.08258316,0.0,1,NaN
1020,41667,12.46296565,12.46296565,0.0,1,NaN
1021,45522,10.36700601,10.36700601,0.0,1,NaN
1022.0,43712.0,10.75691262,12.342687206666668,0.164,3.0,0.025
1023.0,47538.0,11.973223,12.20972261,-0.099,3.0,0.007
1024.0,47626.0,10.66394189,12.048720549999999,-0.127,3.0,0.031
1025,46349,10.03047715,10.03047715,0.0,1,NaN
1026,45058,17.12667427,17.12667427,0.0,1,NaN
1027.0,45774.0,10.66589581,13.709680513333334,0.257,3.0,0.049
1028,44530,10.04977876,10.04977876,0.0,1,NaN
1029,47382,10.34484359,10.34484359,0.0,1,NaN
1030.0,47494.0,11.75222214,11.855384345000001,0.269,2.0,0.003
1031,47734,12.26419557,12.26419557,0.0,1,NaN
1032,46854,13.04794767,13.04794767,0.0,1,NaN
1033,48471,11.01503909,11.01503909,0.0,1,NaN
1034,45769,10.34489924,10.34489924,0.0,1,NaN
1035,49101,10.19977662,10.19977662,0.0,1,NaN
1036,48874,13.72507271,13.72507271,0.0,1,NaN
