TimeStep,CellLifeId,Orientation,label,Center_X,Center_Y,InstantaneousGrowthRate,InstantaneousVelocity,divideFlag,Major_axis,Minor_axis,parent
1,1,-3.0700411004819843,1,148.90731707317073,89.65365853658537,0.257,0.416,False,25.729281466469462,10.164792394731698,0
1,2,-3.062070239842103,2,147.96,98.3,-0.241,0.465,False,22.28227918476168,8.669165722971073,0
1,3,-3.063395746873703,3,148.18,106.404,0.57,0.539,False,34.07754418676064,9.520038140647138,0
2,1,-3.089529285636617,1,150.9377990430622,90.3157894736842,1.137,-0.115,False,27.01408478944353,9.95626467720051,0
2,2,-3.0751281388432883,2,150.29333333333332,98.98666666666666,0.193,-0.011,False,21.075211084850405,9.092263497434308,0
2,3,-3.1135641663410025,3,151.09469696969697,106.95454545454544,1.467,0.111,False,36.9251080729229,9.428961249260814,0
3,1,-3.133304328354476,1,151.54,88.164,0.632,-0.273,False,32.69754064635645,9.86057298942958,0
3,2,-3.1124266468975907,2,151.62576687116564,96.83435582822086,0.056,-0.094,False,22.042037475921184,9.425656593422856,0
3,3,-0.02984801247177383,3,153.38244514106583,104.6332288401254,0.605,-0.252,False,44.26223398011832,9.697542366945733,0
4,1,-0.010916839864402148,1,150.5503597122302,87.15467625899281,0.616,0.265,False,35.85522262984771,10.052799277977932,0
4,2,-3.1350032043951663,2,151.83125,95.6375,0.158,0.535,False,22.32178995506766,9.234693725394498,0
4,3,-0.015220157128510438,3,152.74486803519062,103.3284457478006,,,True,47.28666350515628,9.899576033831629,0
5,1,-0.02499388715730183,1,151.9141914191419,87.44554455445545,,,True,38.935304733921015,10.261702184403507,0
5,2,-0.010124064454412142,2,154.76047904191617,95.9940119760479,0.002,0.267,False,23.111077643451537,9.329706542062718,0
5,4,-2.929463719355247,3,142.86363636363637,102.78977272727272,0.391,-0.283,False,24.419168021071897,9.306378205694209,3
5,5,-0.18196595530485501,3,165.51098901098902,103.5989010989011,0.396,0.133,False,25.41059035188657,9.15018472925028,3
6,6,-0.20662757959242783,1,143.79881656804733,88.12426035502959,0.589,0.174,False,21.90608177309425,9.92685973870761,1
6,7,-3.0630176041059087,1,161.63503649635035,87.0948905109489,0.175,0.477,False,18.40597198471821,9.560967916137468,1
6,2,-3.112702944516499,2,156.60122699386503,95.5521472392638,0.041,0.44,False,23.11862174349155,9.09373971414388,0
6,4,-2.8186355538024443,3,142.41538461538462,100.97948717948718,0.366,0.139,False,26.372041008326075,9.504887289073013,3
6,5,-0.17858104219812226,3,166.41414141414143,103.4040404040404,0.404,0.434,False,27.389370940221877,9.264982931910886,3
7,7,-3.0319586439410426,1,164.0,87.73376623376623,0.848,-0.488,False,19.282482548423356,10.260874539286936,1
7,6,-0.14781853331474867,1,144.33157894736843,88.92105263157895,1.012,-1.428,False,24.85177724689308,9.86561356965243,1
7,2,-0.0036898278301394985,2,158.69565217391303,96.3416149068323,-0.245,-0.83,False,23.3241285169574,8.894956294053483,0
7,4,-2.714278697876982,3,143.32178217821783,100.9009900990099,1.728,-0.716,False,28.20216504927394,9.243278651444374,3
7,5,-0.24028084075258246,3,168.75,103.75462962962963,2.083,-0.684,False,29.411803000181862,9.40553134392116,3
8,7,-2.7681572262892638,1,162.13966480446928,86.03351955307262,0.373,0.314,False,23.52248136454664,9.739323050271915,1
8,6,-0.11161751696188986,1,137.94222222222223,85.68,0.59,0.079,False,29.909534450321317,9.663398468069971,1
8,2,-2.943520796235918,2,155.5095541401274,93.59235668789808,-0.023,0.245,False,22.097637738494527,9.072379076331702,0
8,4,-2.822120209846175,3,141.1201550387597,97.80232558139537,0.621,0.153,False,36.84438080950588,9.130818053541615,3
8,5,-0.6179002311503131,3,165.70503597122303,102.1726618705036,0.683,0.259,False,39.8291239789743,9.06740711759387,3
9,7,-2.7430283554419606,1,163.6524064171123,86.53475935828877,0.458,0.293,False,25.38883935758325,9.456900840700744,1
9,6,-0.09139187272529471,1,138.09053497942386,86.19341563786008,0.127,0.034,False,32.857789814596174,9.590705315495624,1
9,2,-2.9593410381727714,2,156.64150943396226,94.0880503144654,0.147,0.271,False,21.98214431471709,9.32103896492507,0
9,5,-0.654992514072895,3,166.64026402640263,103.12541254125412,0.78,0.299,False,43.24323200780957,9.17546303705574,3
9,4,-2.848457421005547,3,141.70609318996415,98.29749103942652,0.692,0.15,False,39.95078026654166,9.089998977812726,3
10,7,-2.819015404867086,1,165.0721153846154,86.98076923076923,0.527,0.369,False,27.681009604965755,9.658569492748049,1
10,6,-0.0718961847453287,1,137.8548387096774,86.89112903225806,0.667,-0.061,False,33.49456542521702,9.53635835528065,1
10,2,-2.9638078809428534,2,158.02439024390245,94.42073170731707,-0.093,0.301,False,22.71768428071975,9.244203803862428,0
10,5,-0.6448349336490262,3,168.11180124223603,103.58695652173913,0.773,0.121,False,47.14297506034451,9.008018263038116,3
10,4,-2.8676194734273035,3,142.2796052631579,98.78618421052632,0.827,-0.097,False,43.41195098394638,9.173713160573447,3
11,7,-2.9116380591548143,1,167.57272727272726,86.17272727272727,0.372,0.187,False,30.316019900985403,9.412498908906416,1
11,6,-0.041613892654771445,1,137.61992619926198,86.69003690036901,0.779,-0.115,False,36.830076528178914,9.538012592871072,1
11,5,-0.6120672042820833,3,168.97101449275362,103.3391304347826,0.988,0.153,False,51.00897144365128,8.924120916377293,3
11,2,-3.0314075141013683,2,160.08860759493672,93.89240506329114,0.143,0.022,False,22.2529697547443,9.07846573528662,0
11,4,-2.9036321911234553,3,142.040625,98.278125,0.945,0.026,False,47.54927484918378,8.916411768014026,3
12,7,-2.9386251308745854,1,168.98260869565215,85.4695652173913,0.904,-0.279,False,32.175743994469244,9.299233931378676,1
12,6,-0.025829553771378678,1,137.12413793103448,86.4,1.681,-0.86,False,40.72618767006367,9.332481565963242,1
12,5,-0.5945183444754797,3,170.03191489361703,103.07180851063828,,,True,55.94715367044624,9.089868340719605,3
12,2,-3.094768847980097,2,160.64670658682635,93.1556886227545,-0.2,-1.003,False,22.96832261429736,9.30581643191974,0
12,4,-2.923198655187681,3,142.3409090909091,98.07102272727272,,,True,52.27485371021226,9.054853222993598,3
13,7,-2.904377950079826,1,168.74789915966386,82.8109243697479,-0.05,0.076,False,36.693550551813736,8.61274352390774,1
13,6,-0.003945759527245778,1,132.57309941520467,85.53801169590643,,,True,49.13209199520024,9.20267110554571,1
13,2,-0.33977700012574774,2,155.89171974522293,91.35031847133756,0.012,0.625,False,21.970023015941265,9.133548238779753,0
13,8,-0.6338113695542412,3,178.78008298755188,96.3402489626556,0.64,-0.018,False,37.303440302045125,8.441244099102606,5
13,9,-0.4004076268662423,3,161.55251141552512,97.324200913242,0.568,0.338,False,32.91049475906619,9.138957696719515,4
13,10,-2.8461824106108513,3,131.80555555555554,95.85648148148148,0.726,-0.047,False,34.02730863888823,8.341351080615382,4
13,11,-3.1153745063148293,3,149.56846473029046,107.7883817427386,0.492,-0.621,False,35.39391670030525,9.073575244681162,5
14,7,-2.781976789782156,1,170.1967213114754,80.68442622950819,0.539,0.074,False,36.44368225412969,8.874694394412494,1
14,12,-0.08434376111571673,1,148.98765432098764,84.3641975308642,0.47,0.38,False,24.00791036203577,8.786311378258441,6
14,13,-3.0820472808915227,1,125.6958762886598,85.09278350515464,0.463,0.037,False,28.60446251630669,8.807337045828659,6
14,2,-0.3983034620040479,2,160.04635761589404,90.39735099337749,-0.023,0.426,False,22.02952393926928,8.787808502497212,0
14,8,-0.6768155966186687,3,177.93103448275863,97.71264367816092,0.793,0.235,False,40.50553455815274,8.45566446341072,5
14,9,-0.41690042091274276,3,163.8859649122807,96.71491228070175,0.873,0.07,False,35.74817913829227,8.93237338724659,4
14,10,-3.0011108536782816,3,133.03813559322035,93.72881355932203,0.77,0.021,False,37.65590848397043,8.251475685580973,4
14,11,-2.8163357519503607,3,146.94252873563218,106.12260536398468,0.736,-0.262,False,37.85538501442717,9.453770838826795,5
15,7,-2.7338666331782706,1,171.1203007518797,79.59022556390977,0.743,0.106,False,39.13787505391259,8.8860944093937,1
15,12,-0.09976056325146557,1,151.38333333333333,83.97222222222223,0.56,0.113,False,26.357073038939355,8.85482414825724,6
15,13,-3.1232001952570108,1,125.77450980392156,85.30392156862744,0.385,-0.404,False,30.91726436740828,8.54675516999432,6
15,2,-0.4330981127979919,2,162.65189873417722,90.1012658227848,0.019,0.238,False,21.916167875856303,9.228957374267006,0
15,8,-0.658106642284306,3,178.91752577319588,98.36082474226804,0.731,0.114,False,44.468511833381136,8.597253982856232,5
15,9,-0.3807085554734153,3,163.93486590038313,97.31800766283524,0.723,0.013,False,40.11519010021271,9.323339664020066,4
15,10,-3.0673620730333906,3,133.46850393700788,93.2992125984252,0.825,-0.177,False,41.504004873363606,8.049108908007119,4
15,11,-2.7655858036286123,3,145.08219178082192,106.4554794520548,0.616,-0.595,False,41.53400632330806,9.554039372535192,5
16,7,-2.7626325072765434,1,172.02702702702703,78.88851351351352,0.873,0.098,False,42.85270217331369,9.083856140242055,1
16,12,-0.1579300775373403,1,151.805,84.38,0.548,0.046,False,29.155243279095632,8.967328996794379,6
16,13,-0.03777633674008068,1,123.75925925925924,84.67592592592592,0.33,-0.172,False,32.84403589439712,8.49370978390511,6
16,2,-0.44795398648211576,2,164.12582781456953,89.89403973509934,0.138,0.233,False,22.009954687519546,8.777027740359134,0
16,8,-0.6520843634923611,3,179.2411575562701,98.95176848874598,0.798,0.042,False,48.12114594658839,8.507522233582817,5
16,9,-0.3354693890039673,3,164.10996563573883,97.15463917525771,0.751,0.056,False,43.73239953047178,10.032290083797426,4
16,10,-3.0883867149838067,3,132.8892857142857,92.58214285714286,0.829,0.1,False,45.62791905473956,8.086341638929273,4
16,11,-2.8293991259432225,3,142.34640522875816,105.15686274509804,0.759,-0.201,False,44.61492293489275,9.371363958410834,5
17,7,-2.809812444690398,1,172.5188679245283,78.99371069182389,,,True,47.215476855502224,9.05611236463755,1
17,12,-0.12262051017325656,1,151.8577981651376,84.75688073394495,1.846,-0.659,False,31.893950438824,8.932071502948835,6
17,13,-0.0825573309873345,1,122.19409282700424,85.43037974683544,1.724,-1.68,False,34.49243201043502,8.949286017250387,6
17,2,-0.5178223186272864,2,165.21212121212122,90.33333333333331,-0.163,-0.084,False,22.70027557223308,9.363683703947917,0
17,8,-0.6781515444292343,3,178.11078717201167,101.40233236151605,,,True,52.11105034818172,8.929701738604432,5
17,9,-0.3097672286351024,3,164.10491803278688,97.70819672131148,,,True,47.48551239103811,10.767622772381378,4
17,10,-3.1207825480074214,3,133.05177993527508,93.22653721682848,,,True,49.77168658744204,8.185510889695967,4
17,11,-2.879759124335409,3,140.88059701492537,105.444776119403,,,True,48.40810217152628,9.660950265597254,5
18,14,-0.17259040893414965,1,151.85645933014354,74.18181818181819,0.369,-0.367,False,30.195564725896563,8.960353942171725,7
18,15,-2.6603991632777113,1,177.405,77.985,0.501,-0.005,False,29.01178108687288,9.042596870775853,7
18,12,-0.12162553803563735,1,149.52173913043478,82.17028985507247,0.193,-0.197,False,41.12435866278284,9.068000245949312,6
18,13,-2.911129853397311,1,113.52702702702705,83.11148648648648,0.558,-0.06,False,43.11180568705191,9.06579738793896,6
18,2,-0.6630160448419283,2,165.80503144654088,88.35220125786164,-0.014,0.291,False,21.885452208874412,9.310511185433478,0
18,16,-0.7056723808287839,3,185.16666666666663,92.5982905982906,0.669,-0.173,False,35.86516596276533,8.52328603925819,8
18,17,-0.6538025587209978,3,171.6505376344086,93.8225806451613,0.326,0.342,False,28.676245387146636,8.449104588530439,9
18,18,-2.8694903194838672,3,115.21938775510203,91.0204081632653,0.541,0.168,False,33.75311410279786,7.631267454738906,10
18,19,-0.17468614931730644,3,143.60526315789474,91.25263157894736,0.579,0.405,False,30.632652441236225,8.001318830629296,10
18,20,-2.751568162594524,3,119.35874439461884,100.29596412556054,0.658,-0.413,False,32.13631196197633,9.083242636486208,11
18,21,-0.10028723912618209,3,144.78021978021977,98.64835164835164,0.527,-0.015,False,29.34011188298011,7.992434149566602,9
18,22,-0.15610067440887013,3,146.57276995305165,105.92488262910798,0.814,0.017,False,31.402548678404763,8.936696903550807,11
18,23,-0.5414765365367318,3,160.79802955665025,110.27093596059112,0.591,-0.587,False,30.323132648733367,8.674784219973183,8
19,14,-0.1408382788733335,1,149.8153153153153,74.17567567567568,0.291,0.032,False,32.040515225577884,8.990791207423351,7
19,15,-2.810234288111336,1,177.86046511627907,76.87906976744186,0.58,0.223,False,31.51454247244235,8.977476472710345,7
19,13,-2.8566914922271778,1,113.1751592356688,83.0859872611465,0.577,-0.018,False,45.90344766339878,9.146192353911236,6
19,12,-0.10404174909059931,1,148.52898550724638,81.92753623188406,-0.252,0.473,False,42.09020229950911,8.83824152863877,6
19,2,-0.935771569034215,2,167.2948717948718,88.65384615384616,0.072,0.394,False,21.816535642429965,9.188184286626086,0
19,16,-0.8332209850540476,3,183.2276422764228,94.5040650406504,0.945,0.452,False,39.2110420335754,8.387354110881734,8
19,17,-0.8439145521266495,3,173.78865979381445,93.4639175257732,0.663,0.409,False,30.307748225739992,8.258939767378113,9
19,18,-2.8005464793012793,3,115.9530516431925,91.45070422535213,0.56,-0.031,False,36.4603320773582,7.699587799782389,10
19,19,-0.21732313638486614,3,146.38571428571427,90.62857142857143,0.701,0.333,False,33.52989213250212,8.089764691661056,10
19,20,-2.7167977075162133,3,117.05371900826448,99.82644628099172,0.723,-0.246,False,35.42816125717784,8.925028117990523,11
19,21,-0.20126092164907874,3,144.86633663366337,98.39108910891088,0.534,0.357,False,31.974474420856325,8.186496931254915,9
19,22,-0.23199505750633231,3,147.08260869565217,105.3608695652174,0.521,0.176,False,35.47024780851086,8.565807118640736,11
19,23,-0.23926762255051257,3,156.54424778761063,111.23451327433628,0.675,-0.007,False,33.2781136167858,8.849336239750334,8
20,15,-2.846107775514594,1,179.35344827586206,76.21982758620689,0.577,0.049,False,34.41684479401316,8.926046943877765,7
20,14,-0.18206600903534123,1,149.60180995475113,74.96380090497738,0.723,-0.268,False,33.496258172257285,8.589393407022051,7
20,13,-2.8508505028248243,1,113.24458204334366,82.84210526315789,0.689,0.305,False,48.79074915812434,9.04486401142219,6
20,12,-0.17331879083097743,1,150.90384615384616,82.51153846153846,-0.34,0.72,False,40.82999675697938,8.39549775632942,6
20,2,-1.033564676370978,2,169.45222929936307,88.78980891719745,0.019,0.495,False,22.17808651655212,9.032173822995883,0
20,16,-0.7154418435146362,3,184.89891696750905,96.19494584837544,0.491,0.26,False,43.93838055017704,23.815723467096475,8
20,17,-0.8796447656168076,3,175.739336492891,94.1563981042654,0.537,0.408,False,33.62115430838478,8.148338103386262,9
20,18,-2.7501719433368885,3,115.7922077922078,91.4069264069264,0.864,-0.297,False,39.26246643913552,7.90319259675335,10
20,19,-0.26075399410895667,3,148.14545454545456,90.94545454545457,0.799,0.314,False,37.03417895871823,7.704297529553213,10
20,20,-2.7027758479651274,3,115.9,99.28076923076924,0.631,-0.146,False,39.04235914350456,8.714036332033302,11
20,21,-0.2468140315609299,3,146.9078341013825,98.55299539170508,0.689,0.318,False,34.64687206017912,8.12480681345931,9
20,22,-0.2587239033190961,3,147.748987854251,105.93927125506072,0.913,0.273,False,38.07521358222934,8.632654882126355,11
20,23,-0.18555413812396587,3,155.50409836065575,112.62704918032787,0.763,0.072,False,36.654472667209255,8.694879924522857,8
21,15,-2.8345142368202283,1,180.01626016260164,75.27235772357723,0.508,-0.24,False,37.300730247155,8.628806579591114,7
21,14,-0.2938510203929773,1,147.35537190082644,76.42148760330579,0.612,-0.244,False,37.110414292587095,8.561129493563035,7
21,13,-2.90677846316229,1,115.21301775147928,82.72189349112426,0.608,-0.492,False,52.237777474588,8.748772980266375,6
21,12,-0.24743110315289318,1,155.09920634920636,82.30952380952381,0.647,-0.232,False,39.129769489176304,8.458826271458689,6
21,2,-1.0096555880430174,2,172.4967741935484,88.29032258064517,-0.009,0.137,False,22.27096068650277,8.948458148329355,0
21,16,-0.8981949155862128,3,186.18060200668896,96.54515050167224,1.002,0.221,False,46.39470083817258,8.717451812459498,8
21,17,-0.9105059270775588,3,177.84347826086957,94.54347826086956,0.441,0.097,False,36.305845254828114,8.263217352400016,9
21,18,-2.7705908574026954,3,114.32,90.872,,,True,43.58438366898052,7.97226167377259,10
21,19,-0.28487899789824933,3,149.87755102040816,91.12653061224488,0.914,0.044,False,41.03152141020464,7.749116274376479,10
21,20,-2.7077738602222117,3,115.15901060070672,99.02473498233216,0.713,-0.222,False,42.196841963880125,8.98771237188928,11
21,21,-0.2669759075313776,3,148.64224137931035,98.8146551724138,-0.22,0.267,False,38.092474326388114,7.940752602444171,9
21,22,-0.2769841225587799,3,149.20955882352942,106.23897058823528,0.888,0.034,False,42.640271718870366,8.558603962641767,11
21,23,-0.15109664404834894,3,155.0222222222222,113.9,0.719,-0.285,False,40.468379321410055,8.858233446338458,8
22,15,-2.8187393440712167,1,179.63432835820896,73.04477611940298,2.019,0.869,False,39.84069593631206,8.764477943327954,7
22,14,-0.325925244469496,1,146.04814814814816,76.2925925925926,,,True,40.1728557802548,8.75137998261635,7
22,12,-0.3080128479959819,1,154.07168458781362,81.77060931899642,1.722,-0.589,False,42.36381260799581,8.577482453362428,6
22,13,-2.875749810550264,1,112.3732970027248,82.4441416893733,,,True,55.278976085840746,9.932412483139284,6
22,2,-0.9886347013231485,2,174.171974522293,86.49044585987261,0.123,0.975,False,22.227057909188154,9.050765350738072,0
22,16,-0.788671859882825,3,187.53869969040247,96.328173374613,,,True,51.40322449169845,26.709973517174756,8
22,17,-0.9203018799871046,3,178.61065573770492,94.1311475409836,-2.807,0.185,False,38.50880490647149,8.27067793153334,9
22,19,-0.3586670508449658,3,150.3079847908745,90.83650190114068,,,True,45.60112795525608,7.589674294501666,10
22,24,-2.9873525014577544,3,101.12408759124088,86.35036496350365,0.935,-1.681,False,24.431206958618542,7.275635382440946,18
22,25,-2.705992810335492,3,121.18382352941175,92.48529411764706,1.257,-0.935,False,22.393153961338456,7.836727807102621,18
22,20,-2.7811260104180375,3,114.45333333333332,98.14,,,True,45.763667585613405,8.763843411180924,11
22,21,-0.33812032173659884,3,150.70222222222222,98.11111111111111,1.754,0.245,False,36.99140312354592,7.94941203746794,9
22,22,-0.3143524075491124,3,149.67361111111111,105.875,,,True,47.07800945015797,8.395494546479807,11
22,23,-0.17069832249696715,3,152.98657718120805,114.251677852349,,,True,44.06139132793146,9.11486694015594,8
23,15,-2.9417966918617178,1,185.24024024024024,70.66966966966967,,,True,49.93373215365729,9.203793454923868,7
23,26,-0.322959807719069,1,153.32183908045977,72.60919540229885,0.4,-0.063,False,26.836586992387375,8.475528986309845,14
23,12,-0.2607900056572493,1,151.30581039755353,80.69724770642202,,,True,50.973440605582574,9.130681400194518,6
23,27,-0.06120905126030331,1,130.03012048192772,76.72289156626506,0.141,-0.528,False,25.50184040063447,8.461307099525241,14
23,28,-0.055351142735220335,1,89.96666666666667,78.0,0.33,-0.376,False,37.702108335173385,8.422187916751307,13
23,29,-0.8217607969575034,3,191.95693779904303,95.21052631578948,,,True,65.60822657444051,8.85225760406231,16
23,30,-2.6381480087849623,1,119.61574074074076,84.52777777777777,0.514,-0.165,False,32.901492395426175,8.56815417215249,13
23,31,-0.43164315217568056,3,166.76878612716763,83.45664739884393,0.525,0.396,False,28.00781942496802,8.080181865101522,19
23,2,-0.9090759407715244,2,180.60377358490567,84.37106918238993,-0.119,0.372,False,22.84212616766203,8.939362722550134,0
23,32,-0.7860851282798625,3,190.89655172413796,84.64137931034483,0.392,0.392,False,23.226100272251017,8.082462321460195,16
23,24,-3.119217306107502,3,91.24848484848484,84.80606060606061,0.6,-0.545,False,29.10696079736263,7.353908232394115,18
23,25,-2.670814594866468,3,116.43352601156067,90.9884393063584,0.616,-0.346,False,28.678317346774044,7.799607442773262,18
23,33,-0.396812668052956,3,141.77472527472528,93.15384615384616,0.55,0.13,False,29.57195315967998,7.978067949568938,19
23,21,-0.35021718033611127,3,153.2127659574468,96.45744680851064,0.882,0.173,False,45.76322204529658,8.062418669303915,9
23,34,-3.0170804206168107,3,95.84210526315788,92.31052631578947,0.632,-0.665,False,29.78801409442749,8.355009459551303,20
23,17,-0.7312748415200344,3,176.26351351351352,100.33783783783784,0.16,0.253,False,24.471816857093746,8.055786863609192,9
23,35,-0.4014939227106512,3,162.20111731843576,100.84916201117318,0.467,0.238,False,29.095803158692288,8.10397623418942,22
23,36,-2.7732191175150547,3,120.22105263157894,100.78947368421052,0.592,-0.384,False,27.978460454409795,8.843019371134341,20
23,37,-0.24361089843551664,3,135.86772486772486,109.47089947089948,0.563,-0.127,False,29.84147840050796,8.227394760601596,22
23,38,-3.1131982206094158,3,160.1216931216931,111.74074074074076,0.567,-0.14,False,27.326028705831437,9.033570253650586,23
23,39,-0.15593207641380935,3,135.45812807881774,117.76354679802957,0.591,-0.463,False,28.793136696614088,9.142719257655877,23
24,40,-2.869099598861502,1,176.05142857142857,67.12,0.486,0.143,False,25.526485050675745,8.836942733547342,15
24,26,-0.34083010931626945,1,153.23076923076923,72.06593406593407,0.447,0.297,False,28.83835167801135,8.192688958145613,14
24,41,-3.133126497838352,1,199.84408602150535,69.55376344086021,0.394,0.586,False,28.197582610857243,8.547706746332906,15
24,42,-0.45212976829784535,1,162.45454545454547,77.0,0.398,0.572,False,27.56202711677993,8.23141232214701,12
24,27,-3.1349885944373383,1,128.3314606741573,74.3932584269663,0.476,-0.036,False,26.20873800859489,8.78290504422636,14
24,43,-0.7410541533131308,3,204.4355555555556,82.27111111111111,0.682,0.736,False,35.184578392666715,8.360932748007855,29
24,28,-0.16332803220371886,1,88.12,77.26,0.464,-0.037,False,39.354333461221664,8.348678807031018,13
24,31,-0.49088101429707176,3,170.16666666666666,81.00537634408602,0.551,0.696,False,30.630568015268192,7.934595436348571,19
24,2,-0.9241262141976351,2,183.9032258064516,81.61290322580645,0.112,0.74,False,22.24951153872686,8.988107883331143,0
24,32,-0.781079141797766,3,194.20666666666668,81.92666666666666,0.061,0.75,False,25.186705915460863,7.835416787842238,16
24,30,-2.6050091384491116,1,119.67811158798284,83.00429184549357,0.572,-0.092,False,35.47135518570156,8.55206102121733,13
24,44,-3.0759536191172345,1,139.15116279069767,82.40697674418605,0.554,0.197,False,26.47546860856633,8.410205242550663,12
24,24,-0.11745948558397099,3,88.14044943820225,84.12921348314607,0.408,0.012,False,32.107999389916095,7.223504255753261,18
24,25,-2.604850033357589,3,115.70769230769233,89.1025641025641,0.648,-0.151,False,31.759073447618555,7.956303533162926,18
24,33,-0.3712677173124402,3,143.2020202020202,92.15151515151516,0.693,0.353,False,32.320714608699056,7.919263822859857,19
24,21,-0.36118154194276697,3,155.0655737704918,95.11147540983606,0.664,0.509,False,50.17292038681351,8.008025078842174,9
24,34,-0.053481023103916475,3,92.62672811059907,90.84792626728112,0.608,-0.057,False,32.94678572117686,8.598699159456732,20
24,17,-0.7425317670378921,3,178.62893081761007,98.70440251572327,0.234,0.665,False,25.274284221767104,8.224789939755707,9
24,36,-2.7098375151949403,3,119.12437810945272,99.1094527363184,0.692,0.09,False,30.94083142392225,8.617746500209437,20
24,35,-0.4523250765408662,3,164.44897959183675,99.46428571428572,0.648,0.535,False,31.429963813222425,8.242090263844165,22
24,45,-0.8663085026037762,3,183.5022421524664,105.38565022421524,0.811,0.518,False,33.215720554455736,8.710844447136457,29
24,37,-0.21582916095643154,3,135.6995305164319,108.66666666666669,0.574,0.31,False,32.65697821194062,8.529922603100278,22
24,38,-0.099389083759558,3,159.7658536585366,111.02926829268291,0.054,0.375,False,30.158635985729585,8.892031052004393,23
24,39,-0.08024316861314433,3,132.7058823529412,117.39366515837104,0.695,0.386,False,31.74780670596748,9.12732999454567,23
25,40,-2.910341938180762,1,176.8186813186813,67.10989010989012,0.459,1.166,False,27.958318044111696,8.445561026446702,15
25,41,-0.027531827377700054,1,202.99497487437185,69.39698492462311,0.533,1.348,False,30.169887711719053,8.533683738104777,15
25,26,-0.3458083253438804,1,153.83248730964468,74.25380710659898,0.679,0.721,False,31.07106334001553,8.260524783171979,14
25,43,-0.7732343691951684,3,208.33469387755105,82.42857142857143,,,True,38.59629690132502,8.405712023239808,29
25,27,-3.0052385998606637,1,127.55434782608695,75.36413043478261,0.614,0.205,False,28.587293961686548,8.381532276702018,14
25,42,-0.4728316981212828,1,165.0523560209424,78.19895287958116,0.479,1.059,False,29.55427428989493,8.313469196221506,12
25,30,-2.4973417072724113,1,118.89112903225806,83.33064516129032,0.185,0.55,False,38.33002745830757,8.395417351529712,13
25,28,-0.25002447395401056,1,86.07604562737643,79.25855513307985,0.739,0.287,False,41.67451505518566,8.228002930991165,13
25,31,-0.49473276784327347,3,173.69950738916256,81.67980295566502,0.548,1.323,False,33.3837237574268,7.985113263457963,19
25,2,-0.895276379442661,2,187.54140127388536,82.52866242038216,,,False,22.81172468695512,8.834929812343521,0
25,32,-0.8096456727587797,3,198.11612903225807,82.30322580645161,-0.613,-0.811,False,25.4935687313979,8.042071551281444,16
25,25,-2.5235114998568284,3,114.6822429906542,89.19626168224299,0.811,0.429,False,34.9969258158952,7.918522524212978,18
25,44,-3.0390852527085648,1,139.1945945945946,84.25405405405405,0.646,0.673,False,29.243476813835425,8.38028306140614,12
25,24,-0.20375232626133283,3,86.09326424870466,86.30569948186529,0.663,0.185,False,34.150073949783106,7.350105665516166,18
25,21,-0.36192216935732224,3,157.19375,96.50625,0.371,0.859,False,53.49114797824082,7.993487222104231,9
25,34,-0.1814328285486191,3,90.7847533632287,92.2914798206278,0.485,0.136,False,35.98440956251299,8.117361516323022,20
25,33,-0.35183695523777125,3,144.05504587155963,94.07798165137616,0.659,0.974,False,35.785431374386654,7.994852896266805,19
25,36,-2.664844224647796,3,118.70815450643777,100.30901287553648,0.475,0.387,False,34.39935988760964,9.008786943862454,20
25,17,-0.707230694405489,3,181.8571428571429,99.73809523809524,0.122,0.769,False,26.443242659442458,8.389189497220965,9
25,35,-0.43387542563702797,3,166.90867579908675,100.5662100456621,0.681,0.692,False,34.670710212412,8.352037842947592,22
25,45,-0.8290595490220053,3,184.9442231075697,108.0597609561753,0.758,0.723,False,37.270227324221565,8.783503258389853,29
25,37,-0.22866896610239332,3,136.11158798283262,110.62231759656652,0.738,0.116,False,35.527026292307816,8.744412424032868,22
25,38,-0.14291207193928204,3,161.3054187192118,112.09852216748769,-0.041,0.819,False,30.42954853605917,8.657733933414432,23
25,39,-0.07773974565981977,3,133.3991769547325,119.51851851851852,0.562,0.588,False,35.22281375072378,9.110663530787086,23
26,40,-3.083133275280467,1,183.9656862745098,64.5343137254902,0.561,1.079,False,30.25554350617085,8.678105056358456,15
26,41,-0.20542427665027116,1,210.81951219512197,67.2,0.433,0.22,False,32.8324447249603,8.162441876059349,15
26,26,-0.332993471593135,1,158.2117117117117,73.43243243243244,0.719,0.033,False,34.46742549343763,8.404154191633015,14
26,46,-0.8826055708832005,3,214.24528301886792,81.67547169811321,0.975,-0.169,False,42.0686893068365,8.657002927779414,43
26,27,-2.9417188396883596,1,129.3658536585366,74.29268292682927,0.431,-0.415,False,31.658110458097827,8.514443583696476,14
26,42,-0.4456466670705704,1,171.7342995169082,76.33816425120773,0.656,-0.433,False,31.949091362520942,8.362944712625028,12
26,31,-0.5044083800047107,3,182.24663677130044,78.82062780269058,0.686,-0.217,False,36.122795786651125,8.272595016087404,19
26,28,-0.3307436311169415,1,88.16083916083916,79.1013986013986,,,True,45.36905287399655,8.23309865344704,13
26,47,-0.9182814212045097,3,205.0843373493976,81.10843373493977,0.256,-0.076,False,28.010038682268945,7.774124209391826,43
26,30,-2.527928382610426,1,122.1686274509804,83.42745098039215,0.854,-1.173,False,39.25332182316622,8.41766930037985,13
26,32,-0.7994291350589143,3,193.974025974026,81.6948051948052,-0.112,-0.297,False,22.429808323874152,8.840579675633343,16
26,25,-2.550693008650242,3,117.58119658119658,88.94017094017094,0.86,-1.255,False,39.05075109541495,7.860156701412662,18
26,44,-3.0701441555843543,1,143.51020408163265,83.5765306122449,0.371,-0.818,False,32.47199058451577,8.041027547659898,12
26,24,-0.28972423555876436,3,86.81308411214954,86.89252336448598,0.944,0.292,False,37.46589116200939,7.441522903789147,18
26,21,-0.3809250754874933,3,162.72590361445782,95.63855421686748,,,True,55.347856931509774,8.070291932848784,9
26,33,-0.37048462860388787,3,150.56147540983608,92.91803278688523,0.822,-0.747,False,39.0814149831176,8.227280964620395,19
26,34,-0.2671788831656595,3,91.25416666666666,92.78333333333332,,,False,38.40791621280236,8.200442059311905,20
26,17,-0.716615591762894,3,186.76363636363635,98.73939393939392,0.51,-0.416,False,27.053077124017356,8.109414697459728,9
26,36,-2.690276910873518,3,121.80246913580248,99.61316872427984,0.832,-1.263,False,36.776826077676354,9.008572169406833,20
26,35,-0.4453073281515015,3,171.2274678111588,100.07296137339056,0.694,-0.619,False,38.07755206426065,8.2557220399634,22
26,45,-0.8391344759677716,3,189.24908424908423,107.82783882783885,0.746,-0.574,False,41.05959511565611,8.736992486732966,29
26,37,-0.14099603720404835,3,136.87109375,110.609375,0.257,-1.017,False,39.2163377056584,8.706841078435401,22
26,38,-0.12275084427752131,3,166.7025641025641,111.45128205128204,0.415,-0.725,False,30.22608057410234,8.431158547669868,23
26,39,-0.0577973236324598,3,137.79770992366412,118.96946564885496,0.875,-0.768,False,38.03169115103555,8.927454071632168,23
27,41,-0.353785741624522,1,213.25114155251143,63.02283105022831,1.82,0.667,False,34.99957550844596,8.141633340509221,15
27,40,-0.07571688843640642,1,190.91743119266056,60.76146788990825,2.17,2.268,False,33.06267534097533,8.550211198285636,15
27,26,-0.38430166135835164,1,160.08677685950414,69.66528925619835,2.33,0.621,False,38.06278293546965,8.357062686217509,14
27,46,-0.9346597691462832,3,214.23076923076923,79.31818181818181,,,True,46.94560686221365,8.423347074441594,43
27,48,-0.5218121638210289,1,84.20983606557377,75.01311475409837,,,True,49.09768641514777,8.139064084418617,28
27,31,-0.48994144971808407,3,182.5655737704918,75.2827868852459,1.667,0.992,False,39.550621264038014,8.315898178776708,19
27,30,-2.4372786495766436,1,117.76325088339225,79.47349823321555,2.267,-1.556,False,43.52514389012768,8.56590086298587,13
27,27,-2.933540190419423,1,128.31336405529953,71.9447004608295,1.799,-0.689,False,33.81435590581585,8.398026984862158,14
27,42,-0.4245229384776173,1,170.63963963963965,73.43693693693693,2.141,0.181,False,35.23023220087177,8.180683875998461,12
27,47,-0.9042178964418416,3,205.9889502762431,77.70718232044199,1.458,0.721,False,29.290291538290663,8.110971944989435,43
27,25,-2.4538789375532635,3,112.8828125,84.75,,,False,43.34917070335794,7.826536447793097,18
27,32,-0.7117775458473014,3,193.4675324675325,79.03896103896103,-0.084,-0.239,False,21.87218909327656,9.022768226025,16
27,49,-0.47253842587745454,1,81.77542372881356,84.29237288135593,-2.83,-0.076,False,40.86100965728548,7.586775305575816,28
27,44,-3.049310099335788,1,140.27678571428572,81.0,1.967,-1.087,False,34.325949204060166,8.762942440748613,12
27,24,-0.45147647944207114,3,85.72900763358778,89.99236641221374,,,True,42.18403050990496,8.272296200667,18
27,50,-0.4559926573208694,3,171.97142857142856,88.62285714285714,0.891,-0.368,False,29.22249474635292,7.825769361890135,21
27,33,-0.3694190012003676,3,147.53030303030303,90.71969696969695,,,True,43.19231132262146,8.094199773560133,19
27,36,-2.5933056815358473,3,116.47924528301888,96.14339622641508,,,True,40.93837588888247,8.86206123390984,20
27,17,-0.6888964326393902,3,186.07650273224044,95.551912568306,1.421,-0.165,False,29.600867719448363,8.229060863889512,9
27,35,-0.4339275604351203,3,169.17254901960786,97.45098039215686,,,True,41.54820713611965,8.244802267815773,22
27,45,-0.8051632358657557,3,186.94612794612797,106.06734006734008,,,True,44.79045646515497,8.752434542824336,29
27,51,-0.34281351368446855,3,147.66863905325442,98.07100591715977,1.142,-0.896,False,29.1209697058722,7.669292225845934,21
27,37,-0.06881855418228496,3,132.08527131782947,108.43410852713178,3.398,-2.829,False,40.499706705017545,9.260588172559997,22
27,38,-0.12656133385494003,3,164.04265402843603,108.90995260663507,1.509,-0.938,False,32.30275676449225,8.483805441047625,23
27,39,-3.1295226893303507,3,134.54137931034484,116.86551724137932,,,True,42.40529002668482,9.131158758534085,23
28,40,-0.22388448240005102,1,205.2254545454545,51.92727272727273,,,True,43.913642582001735,8.222557672910296,15
28,41,-0.5336508149472039,1,217.9239543726236,58.7490494296578,0.738,0.131,False,44.09767919886329,8.794974557979197,15
28,52,-0.9187928584517947,1,74.87061994609165,71.02156334231806,0.884,-0.071,False,59.15770397849781,8.612296773150423,48
28,26,-0.47559537199604757,1,165.2147435897436,65.40705128205128,1.088,0.269,False,49.71140185380138,8.249503227931381,14
28,30,-2.2085776843844873,1,110.93659942363112,75.6743515850144,0.613,-0.122,False,54.85781995001443,9.70544701453995,13
28,31,-0.5357215890976749,3,190.7142857142857,67.89036544850498,1.009,0.589,False,47.883520989976326,8.315750535589912,19
28,53,-1.9940913141335586,1,97.31491712707182,68.99447513812154,0.713,-0.374,False,29.614707024972653,8.047551811470232,48
28,54,-0.8341578899920417,3,225.67934782608697,66.83152173913044,0.313,0.423,False,29.32654033387748,8.200371487740737,46
28,42,-0.4897284759780955,1,173.20284697508896,69.63701067615658,,,True,45.93495048691196,8.046810548320146,12
28,47,-0.8026553750069882,3,212.1267605633803,71.22535211267606,0.383,0.484,False,36.57807702741239,7.670319867150687,43
28,55,-0.9213797746308489,1,76.5719557195572,79.55719557195572,0.882,0.042,False,49.46705584092146,7.335195456536743,48
28,27,-2.851009853335213,1,125.21863799283156,70.415770609319,0.643,-0.255,False,42.807803153731406,8.86077175723545,14
28,49,-1.0684564891281314,1,85.67878787878787,79.76363636363637,0.586,-0.026,False,26.70978661774,7.979908680218262,28
28,32,-0.6021157815271313,3,193.24489795918367,76.38775510204081,0.054,-0.128,False,21.45456279100256,8.772817182292606,16
28,44,-3.029342550077207,1,134.6027397260274,79.93150684931507,,,True,44.1595988016458,9.7299633524298,12
28,56,-2.011500302113233,3,97.88,86.76,0.638,-0.029,False,26.998566655722136,8.389430337852014,24
28,57,-1.0488986385951284,3,208.57286432160805,87.8894472361809,0.558,0.313,False,30.324218072246698,8.531378312880818,46
28,58,-0.3486016943859689,3,159.53216374269005,84.3157894736842,0.612,0.219,False,28.024751396200458,7.915933800005745,33
28,50,-0.5055521567389722,3,170.75124378109453,86.96517412935323,-0.653,0.102,False,33.678448979957416,7.785453799134067,21
28,17,-0.7306455952824946,3,187.05263157894737,91.76754385964912,0.503,0.355,False,36.70827779567711,8.24283467162555,9
28,59,-2.51174208131985,3,112.1271676300578,90.3699421965318,0.545,-0.169,False,28.48813639120021,7.874055180471422,36
28,60,-0.8516471923619781,3,194.2372881355932,95.3728813559322,0.513,-0.126,False,27.80158881385,8.282601524818554,45
28,61,-0.557308549379643,3,174.63473053892216,92.88023952095809,0.755,0.033,False,27.834047349676315,7.818511586074008,35
28,62,-0.5407843621755386,3,135.45882352941177,93.44117647058825,0.596,-0.092,False,27.85224918801948,7.868348002571805,33
28,63,-0.6370003139582199,3,69.76271186440678,97.77401129943505,0.558,0.317,False,27.259411750514214,8.486460128035697,24
28,51,-0.45196021799991526,3,142.09803921568627,98.30392156862744,0.421,-0.034,False,34.83285321015064,7.976772054608683,21
28,37,-2.8440494491152513,3,114.75067750677506,106.78319783197831,,,True,57.49059926001581,10.370393587532105,22
28,64,-2.7376041139933776,3,115.73417721518987,101.0253164556962,0.492,-0.539,False,25.63767146425188,7.9746019043667165,36
28,65,-0.2825412663400454,3,150.9189189189189,102.2918918918919,0.237,-0.195,False,29.102651924415923,8.302373927755136,35
28,38,-0.20819930361695688,3,158.63117870722434,108.54372623574145,0.391,0.401,False,39.84755749515045,8.638234541326575,23
28,66,-0.5958987919675617,3,175.1747572815534,112.873786407767,0.418,-0.617,False,30.16889485514121,8.892403842076728,45
28,67,-2.8374576336901254,3,114.2752808988764,116.1629213483146,0.464,0.127,False,25.764375549167177,9.009246755980463,39
28,68,-3.1216526135505913,3,139.40265486725664,119.22123893805308,0.488,0.506,False,30.86619920854725,9.497441214171744,39
29,69,-0.1550619362202889,1,220.9935064935065,49.175324675324674,0.452,1.122,False,22.81797786446666,8.648435905196541,40
29,52,-1.0083298633037459,1,74.21197007481297,71.19700748129675,0.9,0.251,False,63.57562836197429,8.589942804661204,48
29,70,-0.24934786902718392,1,199.9806451612903,53.54838709677419,0.194,0.85,False,24.38601008657679,8.318752188152086,40
29,41,-0.6415309354285008,1,217.64808362369337,62.18815331010453,,,True,47.78865439279921,9.291056999162365,15
29,53,-1.96273144744553,1,96.91282051282052,66.3025641025641,0.525,-0.466,False,33.17769184091049,7.902812114890293,48
29,30,-2.2363333825493283,1,111.25333333333332,74.11466666666666,,,True,57.925131974904815,11.284762564374349,13
29,26,-0.5023904706662212,1,166.64619883040936,65.44152046783626,,,True,55.1533500318934,8.253522504086805,14
29,31,-0.5041023580776101,3,194.15692307692308,66.9723076923077,,,True,52.92812584209522,8.007947763797565,19
29,54,-0.9288756988494029,3,227.41361256544505,68.41884816753927,0.213,0.637,False,30.891132994174477,8.069400351754226,46
29,27,-2.740062131807865,1,124.6456953642384,68.82781456953643,0.959,-0.246,False,46.02349706907564,9.15451665028996,14
29,71,-0.511395157064482,1,183.3421052631579,64.76315789473684,0.463,0.503,False,23.71342176413081,8.269052505848565,42
29,55,-1.0016959533127687,1,76.77777777777777,79.64983164983165,,,True,53.87918048576875,7.741993697128536,48
29,47,-0.8405185973536938,3,213.66517857142856,74.20535714285714,0.632,0.609,False,38.49245378398077,7.535989781987943,43
29,49,-1.1705101252199197,1,86.23756906077348,78.96685082872928,0.612,0.789,False,29.64225142863929,7.903896003935809,28
29,72,-0.5556778119994406,1,164.6689655172414,75.1448275862069,0.118,0.306,False,23.5461482016782,8.01121827820163,42
29,73,-2.690997036765338,1,122.72297297297295,76.87837837837837,0.331,-0.474,False,23.360019752293745,8.31680400249888,44
29,32,-0.6544373217595295,3,192.33333333333331,76.95238095238095,-0.016,0.52,False,21.72306257309028,8.665079868930615,16
29,56,-1.9131694786073377,3,97.49468085106383,86.97872340425532,0.648,0.508,False,30.18951810944711,8.146934059630533,24
29,17,-0.7530581379304732,3,189.95020746887965,89.83817427385893,0.451,0.346,False,39.2224532448013,8.172126112438757,9
29,74,-0.008248121298738737,1,143.02564102564102,81.62820512820512,0.251,0.117,False,25.148324794440025,8.152775167961893,44
29,58,-0.4076788167438966,3,160.18324607329842,85.42408376963351,-0.333,0.477,False,31.083388437359755,8.059970124105037,33
29,50,-0.5348744912941189,3,170.78804347826087,88.0163043478261,1.024,0.385,False,30.41234897472642,7.930176958179368,21
29,57,-0.8721633942549814,3,209.0184331797235,90.82488479262672,0.703,0.37,False,33.1155815166832,8.535394679483678,46
29,59,-2.5978603763173074,3,112.34536082474229,88.74226804123711,0.691,0.034,False,31.21306089071983,8.09291551465857,36
29,61,-0.566217334865849,3,174.28108108108108,93.88648648648648,0.623,0.33,False,31.61127246976628,7.67958992986247,35
29,62,-0.5678678380492621,3,134.2565445026178,94.36649214659684,0.724,0.125,False,30.830466291685426,8.052031846297474,33
29,60,-0.7458772469333813,3,192.0050505050505,98.41919191919192,0.58,0.287,False,30.365378349632167,8.474591931596793,45
29,63,-0.609878889563302,3,69.94270833333333,99.58854166666669,0.255,0.332,False,30.0509814291629,8.534863624484647,24
29,64,-2.4377668588133328,3,113.6470588235294,99.31764705882352,0.665,-0.358,False,28.096027820443386,7.848183354034601,36
29,51,-0.40751201228995926,3,140.70319634703196,100.0,0.347,0.069,False,36.9390422522538,8.150242086886335,21
29,75,-2.6444394367638093,3,100.95098039215686,103.75,0.459,-0.864,False,30.67661307647028,8.674116481729783,37
29,65,-0.31089666717494174,3,148.43979057591622,104.16753926701573,0.607,-0.106,False,30.286390852640498,8.134161825542476,35
29,38,-0.23342232182404293,3,160.92857142857142,108.72932330827068,0.649,0.046,False,41.80032042483793,8.316461766340474,23
29,76,-3.01595853303741,3,127.1904761904762,112.75661375661376,0.539,-0.41,False,30.86846071221973,8.106519887241353,37
29,66,-0.20031857813811316,3,170.66355140186917,114.1214953271028,0.616,0.804,False,32.25842057443287,8.55336458804856,45
29,67,-2.7944751617800154,3,113.8041237113402,117.51030927835052,0.541,0.081,False,28.085726191296068,9.057611219656728,39
29,68,-0.07420075267028226,3,141.49583333333334,120.6625,0.657,0.5,False,33.3069383888687,9.321574118623577,39
30,69,-0.08682592015689015,1,226.8443113772455,48.67065868263473,0.465,0.421,False,25.07669380863489,8.585267142107005,40
30,52,-1.075456767946815,1,74.79518072289157,72.40240963855422,0.953,-0.356,False,68.07782451260202,8.325208955868446,48
30,53,-1.8916590524744619,1,96.48648648648648,62.74324324324324,0.664,-0.464,False,35.80359373981625,8.563483943318609,48
30,70,-0.3223617647538427,1,204.2670807453416,53.96894409937888,0.366,0.391,False,25.3556062632046,8.299432806420686,40
30,77,-1.9894552837757515,1,104.46875,63.958333333333336,0.057,-0.124,False,30.913639200438308,8.254504342519885,30
30,78,-0.35637635020127834,1,230.3227848101266,56.46835443037975,0.191,0.615,False,27.33739738386881,7.570518779376518,41
30,79,-0.5247034901370772,1,180.28021978021977,60.0989010989011,0.388,0.178,False,30.05968522061271,7.892981369098556,26
30,27,-2.612790780473357,1,124.1920731707317,67.08841463414635,,,True,50.81886848315267,9.071286220522977,14
30,80,-0.5238442541887934,3,207.9100529100529,61.645502645502646,0.494,0.584,False,31.23307591827373,8.092410157811802,31
30,54,-0.8616452049786046,3,230.3826530612245,69.59693877551021,0.771,0.491,False,31.95471849535694,8.004767792188472,46
30,81,-1.1306784489041914,1,83.90384615384616,69.7948717948718,0.541,-0.439,False,26.96844083343896,7.495980325366766,55
30,71,-0.4962207730334549,1,185.72392638036808,65.56441717791411,0.438,0.21,False,26.028715483380264,8.089559303242218,42
30,82,-0.8239836668844506,1,211.53424657534248,69.82191780821918,0.497,0.268,False,24.34500443117506,7.717623015832231,41
30,47,-0.8228673545543121,3,216.7136929460581,74.70539419087137,0.639,0.514,False,41.650936240952326,7.621308516405866,43
30,83,-0.4632624459811984,1,157.05978260869566,72.90760869565217,0.497,-0.104,False,28.8386034140769,8.34903639362961,26
30,84,-0.46788174426130746,3,184.9820359281437,73.90419161676647,0.452,0.168,False,27.62834857130385,7.892704165591476,31
30,49,-1.5147443080777723,1,89.40932642487047,81.34196891191709,0.632,-0.298,False,32.70422307990833,7.760406426886934,28
30,73,-2.5567091236298705,1,121.36305732484075,74.57961783439491,0.336,-0.637,False,25.01652660415537,8.161659406117163,44
30,72,-0.5831746697107411,1,165.5,76.99305555555556,0.496,-0.084,False,24.133779406721978,7.695881145743516,42
30,32,-0.6926266072360233,3,194.78,77.84,0.156,0.083,False,21.640861296622795,8.880453573645141,16
30,56,-1.9400930911118957,3,98.92,89.195,0.634,-0.29,False,33.429863988895164,8.220303746454286,24
30,85,-2.6807434541750252,1,122.75647668393782,83.65284974093264,0.247,0.124,False,31.76732530817369,7.980635450104869,30
30,59,-2.6474585136651765,3,113.91037735849056,87.00471698113208,0.635,-0.027,False,34.67031812108258,8.044134162650494,36
30,74,-3.0119110068349735,1,142.83333333333334,83.13095238095238,0.488,-0.212,False,26.402777116434763,8.30853070857499,44
30,17,-0.7281195194453641,3,190.932,91.796,0.549,0.032,False,41.47869364409794,7.975596126877905,9
30,58,-0.43264138544799347,3,161.96703296703296,87.14285714285714,0.647,0.014,False,29.416534620759037,8.092490732405745,33
30,50,-0.5662172930577835,3,172.11483253588517,89.63636363636364,0.337,0.01,False,35.53371633098637,7.689213927885785,21
30,57,-0.8481492294559281,3,210.08658008658008,92.995670995671,0.701,-0.039,False,36.63303635041502,8.299323171246927,46
30,86,-0.8896431291565935,1,72.03355704697987,91.4496644295302,0.499,-0.159,False,27.475914529950067,7.024080898806696,55
30,63,-0.8307299916999394,3,75.28426395939087,97.72081218274111,0.505,-0.182,False,31.328309483673124,8.393679068944985,24
30,61,-0.5881691846763911,3,175.06698564593302,95.89473684210526,0.673,-0.091,False,34.72791283410156,7.869785127695519,35
30,64,-2.2801828774910975,3,112.2157894736842,98.23157894736842,0.823,-0.141,False,31.4222014136218,7.889369799211424,36
30,62,-0.39076017581466205,3,134.1924882629108,95.53990610328638,0.726,-0.19,False,34.45119072137789,8.045029666627403,33
30,60,-0.7188337438110678,3,192.74545454545452,100.10909090909092,0.694,0.237,False,33.26499274872588,8.67150322441366,45
30,75,-2.7254599464823386,3,95.15813953488372,103.28372093023256,0.561,-0.078,False,32.97073307487443,8.482313740344843,37
30,51,-0.33167184474660544,3,140.3119266055046,101.13761467889908,0.771,-0.026,False,38.67402304604567,7.576011162697715,21
30,65,-0.27845436135956836,3,146.3271028037383,106.21495327102804,0.889,-0.389,False,33.3228133839443,8.291342856697606,35
30,38,-0.2141467447452967,3,159.61855670103094,111.0446735395189,0.327,0.332,False,45.04558008815842,8.617874322407378,23
30,76,-2.8911757427805167,3,123.54285714285714,113.73809523809524,0.66,0.559,False,33.561364698733705,8.512920233178473,37
30,67,-2.7305022014794673,3,113.19158878504672,118.66355140186916,0.506,-0.18,False,30.790534923236518,9.071502628810522,39
30,66,-0.11934734259345704,3,174.32618025751074,115.87553648068668,0.631,0.508,False,35.33663272539204,8.558741747970851,45
30,68,-0.0906771466019881,3,143.14671814671814,122.57528957528956,0.901,0.101,False,36.59052220734225,9.202343441915792,39
31,69,-3.059229038126834,1,229.49444444444444,46.27777777777778,,,False,27.400910535901414,8.540071302565911,40
31,53,-1.8505093321479327,1,95.23170731707316,60.40243902439025,,,False,39.124645121880285,8.856054600079657,48
31,52,-1.0914603895548878,1,72.7685393258427,71.92584269662922,,,False,72.84296522733716,8.238846497803165,48
31,70,-0.3568946039243676,1,206.60693641618496,52.74566473988439,,,False,27.186715329523256,8.484589552071302,40
31,87,-2.365823733406032,1,111.75141242937852,57.89265536723164,,,False,26.44243153161364,8.894095922430735,27
31,78,-0.2920565119223142,1,233.94444444444449,54.53703703703704,,,False,28.294405426199766,7.613972349477339,41
31,79,-0.5327914472773699,1,181.54545454545453,59.0959595959596,,,False,32.00008389579544,8.041313683372325,26
31,80,-0.5957422166031134,3,211.54455445544556,59.58910891089109,,,False,33.70230810536897,7.885038885925615,31
31,77,-1.978197380525396,1,103.66145833333331,64.08854166666667,,,False,31.19833420161908,8.085258704696043,30
31,54,-0.7785838136438574,3,233.21681415929203,68.6858407079646,,,False,35.80768474270852,8.261791777918356,46
31,81,-1.1291690942167532,1,81.97109826589596,68.6878612716763,,,False,29.67234883937884,7.609868320615264,55
31,71,-0.4456417054296181,1,187.1468926553672,64.67231638418079,,,False,28.22114217703781,8.270219194326963,42
31,47,-0.7669721860520547,3,220.37301587301587,71.88095238095238,,,False,44.84608277230406,7.489334740814792,43
31,82,-0.7914874661454719,1,213.3294797687861,68.64161849710983,,,False,26.83080407239401,8.373739518425861,41
31,73,-2.4968066375782025,1,118.72670807453416,72.7888198757764,,,False,26.694628867206347,7.913979936965986,44
31,49,-1.5634062144685323,1,87.9375,80.74553571428571,,,False,35.86225978218213,8.511324649834116,28
31,88,-2.7035641823722925,1,131.6759776536313,71.88268156424581,,,False,27.636445437207687,8.451141350270733,27
31,83,-0.4781623797109116,1,156.3781094527363,73.14427860696517,,,False,31.32262659009817,8.40243372549932,26
31,84,-0.4662146644837083,3,186.2263157894737,73.04736842105264,,,False,29.88880937438654,8.276376584087902,31
31,72,-0.6243005147489725,1,164.9320987654321,77.21604938271605,,,False,26.616116799548312,7.906630528721437,42
31,32,-0.6964755318816395,3,195.31372549019608,77.62745098039215,,,False,22.419925369725032,8.737783972697116,16
31,56,-1.9268951745543725,3,97.17351598173516,88.95890410958904,,,False,36.59925303432996,8.57971452994361,24
31,85,-2.7192132059351466,1,123.3152709359606,83.93596059113301,,,False,33.00406854418212,8.048598889575333,30
31,74,-2.8781803755548254,1,141.48876404494382,83.32584269662921,,,False,28.844885283732527,8.118635787642589,44
31,59,-2.6870854795744217,3,113.65531914893616,87.11914893617022,,,False,37.84455626947268,8.31774869136749,36
31,17,-0.7310296474335659,3,191.09259259259255,91.82962962962964,,,False,44.224601007278686,8.068096779121184,9
31,58,-0.5072461905073463,3,161.7128712871287,87.76237623762377,,,False,32.65304073674185,8.043936740983668,33
31,50,-0.5936257024570127,3,172.0504587155963,89.87155963302752,,,False,37.22074358082776,7.638603038541376,21
31,57,-0.8617027858246455,3,209.5314960629921,93.76377952755904,,,False,40.13836333956094,8.22919498110921,46
31,86,-0.9596735118414065,1,69.73780487804878,92.21951219512196,,,False,29.968445798432818,7.124117739829371,55
31,63,-0.9106306365898331,3,74.02803738317758,97.53738317757008,,,False,33.851697816947386,8.463751768362703,24
31,64,-2.1845763669506884,3,110.22115384615384,99.41826923076924,,,False,35.53571621446974,7.707163753591351,36
31,61,-0.5964178870282397,3,174.00862068965515,96.8706896551724,,,False,38.09187095419245,8.020401885229223,35
31,60,-0.7675359262493597,3,194.864406779661,98.57203389830508,,,False,36.73305658340577,8.376739840621815,45
31,62,-0.33296422930703523,3,132.15899581589957,96.73221757322176,,,False,38.08287573130099,8.315465505530511,33
31,75,-2.7551868590936763,3,93.82327586206895,103.96982758620688,,,False,35.777816510776944,8.565314441176714,37
31,51,-0.2652590655052945,3,139.06584362139918,102.6255144032922,,,False,42.52836543064738,7.692939287698205,21
31,65,-0.24068647316880273,3,141.90376569037656,108.89121338912132,,,False,37.7669645357057,8.222636297633137,35
31,38,-0.21091883752259222,3,160.7704918032787,112.29836065573772,,,False,46.682682537775065,8.641174552733686,23
31,76,-2.8948769559629333,3,123.86324786324786,117.48717948717947,,,False,36.86051168368754,8.94861739568596,37
31,67,-2.5941598410374396,3,109.9322033898305,120.47457627118644,,,False,33.320210567455675,9.270969217924156,39
31,66,-0.17215241950157045,3,176.85214007782102,116.65758754863812,,,False,38.4919355574268,8.749275673371564,45
31,68,-0.23666166429657626,3,141.36363636363637,125.3916083916084,,,False,41.097995164076565,9.144186466106197,39
