TimeStep,CellNumber,Orientation,Center_X,Center_Y
1,1,62.9789750318017,397.836318844042,550.399737363471
1,2,-80.6667346730426,398.66879588958,508.432149899452
1,3,-73.5997761172521,412.141172602676,522.520343564357
1,4,87.3333819703812,413.001082849168,469.54652446424
1,5,-80.4761468398354,421.165458198202,549.513783195921
1,6,86.3539879427396,428.501012009029,464.031795988216
1,7,89.4794911129699,430.000041264639,505.509084468907
2,1,63.8646318722947,397,549.5
2,2,-84.9269547290526,399.590384313052,505.459704374225
2,3,-77.854607624374,413.199201572481,523.627579710782
2,4,85.591420606721,413.001479373378,465.538434162305
2,5,-75.1064400596061,423.385536255935,546.050392537492
2,6,87.0880639000603,427.500645602112,448.025400498216
2,7,89.5708554620321,430.000028049808,498.507489915123
3,1,70.7179229856645,396.390986134025,550.358266993696
3,2,-82.2259245690554,398.639862702709,500.941557215953
3,3,-88.1368741646211,412.032511949813,526.000528653177
3,4,85.4044224583783,413.001607467121,461.040060993129
3,5,-67.1507869008201,425.694153629946,549.539235018715
3,6,87.2728541684112,427.500566277719,445.523789851792
3,7,-75.2249710979298,431.271557051524,497.405553190287
4,1,69.9133889210605,395.560825466889,548.84344023695
4,2,-77.5741484677404,397.322763961469,494.035137062665
4,3,87.3122147147451,410.501100105255,526.046893499316
4,5,-60.1869760980641,428.880933136148,546.069002568167
4,6,83.0427020205369,427.007363295919,444.121129574056
4,7,-70.594685967024,431.72293245912,502.196155464713
4,8,87.7380414247021,410.000389589848,430.019734185251
4,9,81.4821813949091,416.431456585447,476.079573566758
5,1,76.037935121424,395.52954431167,542.741279416835
5,2,-74.689891178663,391.728554072599,482.299532377122
5,3,78.8522420292047,407.028302225679,519.790009760282
5,5,-58.4069360937115,430.597987613843,542.886268242559
5,6,87.2526117271038,427.001724141332,446.571898896593
5,7,-64.8079681802848,434.733593921133,501.217017161849
5,8,-84.6457476113915,411.093313380495,426.504363212301
5,9,78.0080026148993,415,481.5
6,1,75.0491554164884,394.871004870431,533.51692624109
6,5,-61.5823921230151,435.358444893418,535.084354301479
6,8,-79.4644877207042,412.108280690969,421.825584198064
6,9,78.6205361430202,414,484
6,10,-66.76187980179,383.510703053558,484.516243788345
6,11,-82.9509080861017,393.126499043639,451.446198768459
6,12,80.2946608540677,401.507156117994,496.584290616139
6,13,73.2463852607314,410.521223411572,532.144128339939
6,14,75.016224346529,425.551001384647,466.887818272783
6,15,-80.1509500135932,426.678422116481,424.429211661984
6,16,-66.6594925364602,428.73901411456,515.342819379774
6,17,-62.1536503082539,445.4072459366,481.357245189499
7,1,73.7686610105962,390.8801713713,519.659687686024
7,8,89.1840236205887,411.000101408083,418.014240993036
7,9,70.7281441219221,410.028018405553,481.665025375332
7,10,-55.8013525412499,378.608125769444,471.148516932009
7,11,-80.3943341328242,394.666866249113,432.514020459184
7,12,71.9279650139151,397.369560141361,488.679772604796
7,13,78.8699176418602,411.431694251319,532.79896000733
7,14,-89.500846567891,428.004355880332,467.000018974053
7,15,88.7923615510145,426.000111058686,419.510537853272
7,16,-60.8362958473581,432.923922057043,513.370422337984
7,17,-89.3292160501334,443.011707121055,471.00006853069
7,18,-53.9133355159422,438.595936501663,531.705495858584
7,19,-78.9279554654234,456.692043156302,491.518613518476
8,1,73.338204369643,390,519
8,8,86.42143585057,409.503899699686,423.624834254451
8,9,67.4782425592889,406.922881661953,476.112684283707
8,10,-64.2710765211611,373.667485946526,463.766627955421
8,11,-77.1487952155275,390.734944407899,418.413839085082
8,12,69.3183996624249,394.355634041172,483.208808463201
8,13,81.9053623571152,411.514944739343,532.711212861341
8,14,-87.8376949955892,430.537730383971,471.500712044441
8,15,-89.9433818323382,425.500988173281,417.000000488243
8,16,-56.3944684186986,435.693169885246,511.860302075221
8,17,-86.0785315605897,446.069559751239,464.468146719613
8,18,-51.6461212879751,440.892096603829,529.810258365344
8,19,-85.5102363333395,460.576746655072,484.542209158603
9,20,-62.0614145122491,572.61771274257,730.026799721958
9,21,70.6859043092626,583.971859805562,764.334626713477
9,22,-68.4122320525118,591.402998518966,683.386181921193
9,23,69.1089410617066,594.5,751
9,24,70.8639449436923,599.527628593211,722.663906235539
9,25,78.9050808388808,598.431817927628,808.297997554741
9,26,-81.266383821088,611.151840756397,672.011595030012
9,27,72.2510726338886,613.047598493161,717.304846469179
9,28,64.2879561628588,614.431596990811,761.20027980619
9,29,80.4395194162785,612.930844858592,802.673033207191
9,30,-88.7391710485037,627.522003840525,684.500242113808
9,31,-53.9627405560643,638.198472909153,781.389838322548
9,32,-50.8102718194144,644.203474073672,797.428416289061
9,33,-87.6684008949447,633.540682850527,741.500827889864
9,34,-88.5009995925978,649.0261595081,731.500342218489
9,35,-87.8187999078562,664.038059928588,751.000724541562
10,20,-62.0614145122491,572.61771274257,730.026799721958
10,21,70.6859043092626,583.971859805562,764.334626713477
10,22,-68.4122320525118,591.402998518966,683.386181921193
10,23,69.1089410617066,594.5,751
10,24,70.8639449436923,599.527628593211,722.663906235539
10,25,78.9050808388808,598.431817927628,808.297997554741
10,26,-81.266383821088,611.151840756397,672.011595030012
10,27,72.2510726338886,613.047598493161,717.304846469179
10,28,64.2879561628588,614.431596990811,761.20027980619
10,29,80.4395194162785,612.930844858592,802.673033207191
10,30,-88.7391710485037,627.522003840525,684.500242113808
10,31,-53.9627405560643,638.198472909153,781.389838322548
10,32,-50.8102718194144,644.203474073672,797.428416289061
10,33,-87.6684008949447,633.540682850527,741.500827889864
10,34,-88.5009995925978,649.0261595081,731.500342218489
10,35,-87.8187999078562,664.038059928588,751.000724541562
10,36,-55.0282683371931,288.5,240
10,37,75.9987269051416,295.408737921786,277.256798279914
10,38,-75.7467614465817,307.746208076882,191.530783005268
10,39,73.3515393566085,308.520959701437,266.143249406116
10,40,79.7948071243508,313.015820445755,322.677173939974
10,41,83.7641481083126,315.00591680947,231.608621408137
10,42,63.5580593471707,329.55230697688,277.222645361617
10,43,-89.4994874225884,325.008735481321,186.000038155045
10,44,81.1616942632869,327.511874119801,321.653646493225
10,45,85.8605063084113,330.503913105273,234.608277437284
10,46,82.7914067078537,342.437258984626,192.503952053739
10,47,-55.6066423939451,354.195025166575,293.869846176288
10,48,-51.9969821752934,360.393989162511,310.807851489884
10,49,-88.0728198616227,348.016814648369,256.000282812383
10,50,86.4721430576281,362,241
10,51,87.5287606490261,378.500930008748,261.543117891633
11,36,-55.0282683371931,288.5,240
11,37,75.9987269051416,295.408737921786,277.256798279914
11,38,-75.7467614465817,307.746208076882,191.530783005268
11,39,73.3515393566085,308.520959701437,266.143249406116
11,40,79.7948071243508,313.015820445755,322.677173939974
11,41,83.7641481083126,315.00591680947,231.608621408137
11,42,63.5580593471707,329.55230697688,277.222645361617
11,43,-89.4994874225884,325.008735481321,186.000038155045
11,44,81.1616942632869,327.511874119801,321.653646493225
11,45,85.8605063084113,330.503913105273,234.608277437284
11,46,82.7914067078537,342.437258984626,192.503952053739
11,47,-55.6066423939451,354.195025166575,293.869846176288
11,48,-51.9969821752934,360.393989162511,310.807851489884
11,49,-88.0728198616227,348.016814648369,256.000282812383
11,50,86.4721430576281,362,241
11,51,87.5287606490261,378.500930008748,261.543117891633
11,52,-50.7553667107159,536.590768299615,578.745406838852
11,53,81.9005855424593,540.080420459495,619.635903663054
11,54,80.2076339475579,553.507284715986,608.085039102176
11,55,72.4944009434278,560.046312439369,667.80079899717
11,56,-87.892253815551,557.037117098722,527.482287162455
11,57,-87.6422569543326,565.541138766355,571.500846557378
11,58,67.7062340777071,574.112123500442,623.069033234507
11,59,74.9375943364494,576,669.5
11,60,79.8134956165282,573.507881354136,527.58842645754
11,61,89.9237138241425,579.000000886373,579.501331444549
11,62,80.4743125453794,589.993105753258,531.417255114334
11,63,-57.4445456434516,603.033364350382,636.38573795377
11,64,-84.6764803079154,594.592779320724,600.50431330347
11,65,-51.8090140528275,601.809142376424,664.107022912755
11,66,87.4904933457764,610.500479514802,577.02189257563
11,67,-59.9480351656893,620.250392621222,638.067214215532
11,68,85.1795762765685,627.003537031965,597.084033049068
12,52,-50.7553667107159,536.590768299615,578.745406838852
12,53,81.9005855424593,540.080420459495,619.635903663054
12,54,80.2076339475579,553.507284715986,608.085039102176
12,55,72.4944009434278,560.046312439369,667.80079899717
12,56,-87.892253815551,557.037117098722,527.482287162455
12,57,-87.6422569543326,565.541138766355,571.500846557378
12,58,67.7062340777071,574.112123500442,623.069033234507
12,59,74.9375943364494,576,669.5
12,60,79.8134956165282,573.507881354136,527.58842645754
12,61,89.9237138241425,579.000000886373,579.501331444549
12,62,80.4743125453794,589.993105753258,531.417255114334
12,63,-57.4445456434516,603.033364350382,636.38573795377
12,64,-84.6764803079154,594.592779320724,600.50431330347
12,65,-51.8090140528275,601.809142376424,664.107022912755
12,66,87.4904933457764,610.500479514802,577.02189257563
12,67,-59.9480351656893,620.250392621222,638.067214215532
12,68,85.1795762765685,627.003537031965,597.084033049068
12,69,-56.0457876994398,234.279265101414,757.085257907692
12,70,86.9825534415242,236.001386447835,803.552640036394
12,71,71.8308890357396,255.344088635696,708.024929850989
12,72,88.7831702321969,248.500225511174,773.021236089415
12,73,68.4741150694577,257.851413286536,856.218334817348
12,74,86.4641968332001,252.000951772327,806.530836122593
12,75,62.8489393062709,264.326927728237,688.783265791846
12,76,-87.9610668754927,264.035895145017,757.982843825373
12,77,65.6565279745061,268.38280633941,841.956660356052
12,78,68.0032862033903,272.260071368424,814.33815608342
12,79,74.0295734092833,273.381727500151,714.656868660816
12,80,66.9964224320518,282.039759772863,693.195394302182
12,81,-87.5530752741088,279.042238011788,764.022258756842
12,82,81.175194655348,280.505918972039,874.076706830262
12,83,-65.2878194665163,300.908419322463,825.418060204486
12,84,84.0703099678321,291.502675291186,731.551653983419
12,85,-83.4691790332644,292.563358016597,787.389506924752
12,86,-64.174805245618,300.549936350212,860.282186522135
12,87,75.896428200755,309.530143173476,737.743675472801
12,88,-83.0216171025057,310.121494857386,772.007407938965
12,89,-66.2928069448224,318.201031364028,825.542193937702
12,90,89.6944526738737,326.000014219381,781.005332781585
13,69,-56.0457876994398,234.279265101414,757.085257907692
13,70,86.9825534415242,236.001386447835,803.552640036394
13,71,71.8308890357396,255.344088635696,708.024929850989
13,72,88.7831702321969,248.500225511174,773.021236089415
13,73,68.4741150694577,257.851413286536,856.218334817348
13,74,86.4641968332001,252.000951772327,806.530836122593
13,75,62.8489393062709,264.326927728237,688.783265791846
13,76,-87.9610668754927,264.035895145017,757.982843825373
13,77,65.6565279745061,268.38280633941,841.956660356052
13,78,68.0032862033903,272.260071368424,814.33815608342
13,79,74.0295734092833,273.381727500151,714.656868660816
13,80,66.9964224320518,282.039759772863,693.195394302182
13,81,-87.5530752741088,279.042238011788,764.022258756842
13,82,81.175194655348,280.505918972039,874.076706830262
13,83,-65.2878194665163,300.908419322463,825.418060204486
13,84,84.0703099678321,291.502675291186,731.551653983419
13,85,-83.4691790332644,292.563358016597,787.389506924752
13,86,-64.174805245618,300.549936350212,860.282186522135
13,87,75.896428200755,309.530143173476,737.743675472801
13,88,-83.0216171025057,310.121494857386,772.007407938965
13,89,-66.2928069448224,318.201031364028,825.542193937702
13,90,89.6944526738737,326.000014219381,781.005332781585
13,91,-61.703848502217,537.677269131367,266.296759935797
13,92,-79.2134313859343,544.687151039788,297.017668849977
13,93,-70.6684493737643,552.693707625754,230.862673567566
13,94,62.9523972760258,563.390629030391,203.045269387192
13,95,69.1346047611729,558.565580238094,335.356173705597
13,96,-77.9215007086439,559.709251627018,295.522138171013
13,97,-75.5895319291835,563.124433422693,248.015731145626
13,98,56.3735896421802,569.583666966165,184.276887711785
13,99,67.1867497045325,572.345248861536,365.232977628878
13,100,68.6441698702374,572.602994760684,331.046238374086
13,101,-76.5688486608609,576.732276761074,253.027350265375
13,102,68.7654647350263,577.53394716941,305.681093233167
13,103,57.7271605621546,588.231727435066,186.300927400603
13,104,64.5871618573252,585.59676084039,213.929137531039
13,105,-76.0334141243815,589.741355991136,261.029563353153
13,106,70.8348962541641,589.027711753605,333.164145704535
13,107,71.4237765897536,589.366766666408,368.185332643531
13,108,83.9778669033931,598.5055185577,307.104912634702
13,109,-76.7130585724384,602.72982792907,267.526768720694
13,110,-68.2710410864823,607.035527213821,347.314891839998
13,111,77.5660048948828,605.90407026342,226.619385038314
13,112,-56.8595883754135,615.192013007674,365.354679673791
13,113,-78.2511891954118,617.714096581173,268.419139585745
13,114,-79.2443399732663,617.686621087544,307.517568033051
13,115,79.0864530176542,622.009043012186,229.594663805738
13,116,-76.8764614049706,629.213992808356,326.639642940625
13,117,-87.8586252520352,635.518682669842,276.000349164068
14,91,-61.703848502217,537.677269131367,266.296759935797
14,92,-79.2134313859343,544.687151039788,297.017668849977
14,93,-70.6684493737643,552.693707625754,230.862673567566
14,94,62.9523972760258,563.390629030391,203.045269387192
14,95,69.1346047611729,558.565580238094,335.356173705597
14,96,-77.9215007086439,559.709251627018,295.522138171013
14,97,-75.5895319291835,563.124433422693,248.015731145626
14,98,56.3735896421802,569.583666966165,184.276887711785
14,99,67.1867497045325,572.345248861536,365.232977628878
14,100,68.6441698702374,572.602994760684,331.046238374086
14,101,-76.5688486608609,576.732276761074,253.027350265375
14,102,68.7654647350263,577.53394716941,305.681093233167
14,103,57.7271605621546,588.231727435066,186.300927400603
14,104,64.5871618573252,585.59676084039,213.929137531039
14,105,-76.0334141243815,589.741355991136,261.029563353153
14,106,70.8348962541641,589.027711753605,333.164145704535
14,107,71.4237765897536,589.366766666408,368.185332643531
14,108,83.9778669033931,598.5055185577,307.104912634702
14,109,-76.7130585724384,602.72982792907,267.526768720694
14,110,-68.2710410864823,607.035527213821,347.314891839998
14,111,77.5660048948828,605.90407026342,226.619385038314
14,112,-56.8595883754135,615.192013007674,365.354679673791
14,113,-78.2511891954118,617.714096581173,268.419139585745
14,114,-79.2443399732663,617.686621087544,307.517568033051
14,115,79.0864530176542,622.009043012186,229.594663805738
14,116,-76.8764614049706,629.213992808356,326.639642940625
14,117,-87.8586252520352,635.518682669842,276.000349164068
14,118,-66.7686908432722,235.813364043617,574.47552417698
14,119,48.8208598730089,250.376327335189,500.670792258917
14,120,-77.6876051045773,242.118121140457,604.904879393203
14,121,-73.9210652445568,248.638480698273,536.019559476932
14,122,43.8693794552109,256.013952468704,482.70696911433
14,123,75.7387614306874,255.030817391916,639.746343402972
14,124,-72.0971611264089,257.677912296414,597.870508529686
14,125,-72.0303156027443,260.284123683525,547.20303698396
14,126,67.6496071488267,266.922551691626,677.607966820867
14,127,74.8430244762784,268.904054666953,636.278857903212
14,128,-75.5951191274066,274.108667184819,548.140105212424
14,129,71.1492482955742,275.026818284566,608.661552047893
14,130,44.3774269031972,286.507683235999,493.707065037945
14,131,40.7444331014698,282.29484272638,511.052471129789
14,132,71.0456547932302,283.864703833159,679.189518470119
14,133,-81.3460378169502,285.144774059062,576.586618145154
14,134,77.7440633568622,285.522790883354,643.712278925811
14,135,-78.610043838896,290.707332593456,542.420951442637
14,136,74.6038532614062,294.07177347748,622.030982558894
14,137,-82.3059707938037,299.133882914321,577.509002842964
14,138,-53.4210078779979,305.696963968969,656.904069523463
14,139,-49.3989380396799,312,673.5
14,140,-83.9274784077346,306.108592789491,531.952717614222
14,141,74.4830150214253,308.536448810291,616.767524026605
14,142,-84.6046663985035,315.09181204337,573.55144398936
14,143,-85.5886040141408,321.578398601241,529.964503857774
14,144,-80.5939691523687,328.568269867801,581.670152323718
14,145,79.1229399597711,327.441580176102,636.886387374889
15,118,-66.7686908432722,235.813364043617,574.47552417698
15,119,48.8208598730089,250.376327335189,500.670792258917
15,120,-77.6876051045773,242.118121140457,604.904879393203
15,121,-73.9210652445568,248.638480698273,536.019559476932
15,122,43.8693794552109,256.013952468704,482.70696911433
15,123,75.7387614306874,255.030817391916,639.746343402972
15,124,-72.0971611264089,257.677912296414,597.870508529686
15,125,-72.0303156027443,260.284123683525,547.20303698396
15,126,67.6496071488267,266.922551691626,677.607966820867
15,127,74.8430244762784,268.904054666953,636.278857903212
15,128,-75.5951191274066,274.108667184819,548.140105212424
15,129,71.1492482955742,275.026818284566,608.661552047893
15,130,44.3774269031972,286.507683235999,493.707065037945
15,131,40.7444331014698,282.29484272638,511.052471129789
15,132,71.0456547932302,283.864703833159,679.189518470119
15,133,-81.3460378169502,285.144774059062,576.586618145154
15,134,77.7440633568622,285.522790883354,643.712278925811
15,135,-78.610043838896,290.707332593456,542.420951442637
15,136,74.6038532614062,294.07177347748,622.030982558894
15,137,-82.3059707938037,299.133882914321,577.509002842964
15,138,-53.4210078779979,305.696963968969,656.904069523463
15,139,-49.3989380396799,312,673.5
15,140,-83.9274784077346,306.108592789491,531.952717614222
15,141,74.4830150214253,308.536448810291,616.767524026605
15,142,-84.6046663985035,315.09181204337,573.55144398936
15,143,-85.5886040141408,321.578398601241,529.964503857774
15,144,-80.5939691523687,328.568269867801,581.670152323718
15,145,79.1229399597711,327.441580176102,636.886387374889
15,146,33.0206102390013,531.646766957294,500.691707640732
15,147,-58.5284150372087,536.613937008096,592.595626052906
15,148,84.2717698392106,538.004993486578,641.599810010756
15,149,36.3787719043935,548.991446712399,495.004322565451
15,150,-59.9253443097337,546.817877410295,602.816749414695
15,151,-81.6491945697776,549.150534880335,549.937985814531
15,152,50.5202373877761,558.296172580173,522.931978215994
15,153,-51.2508331310572,561.017203557312,609.451078594378
15,154,80.9459324216736,554.512459719664,652.657366434524
15,155,-80.7723670535124,562.160357250979,561.01294095817
15,156,72.4816509564841,567.222178486679,692.696885006107
15,157,77.899765303548,567.917406337833,645.72073137907
15,158,29.638047465756,585.80719535626,500.94899032463
15,159,35.6601158381304,584.593755230528,517.2085121147
15,160,-79.6830088488846,575.179093979864,571.516168029399
15,161,77.4260706477773,577.915134500596,624.729691198435
15,162,-86.5550596705136,578.560089331366,539.00180699649
15,163,74.8561249860642,581.88674169058,692.147985446427
15,164,72.0785130001528,586.943185124115,664.639687387904
15,165,-84.4810536003108,587.596174901958,590.004635550045
15,166,-85.6371577771579,592.07607239785,549.502897703199
15,167,77.1719831376783,593.024959096496,628.222025305977
15,168,-59.654422849363,607.752607135267,681.068503029892
15,169,77.2759445757664,599.524557843658,654.720255759588
15,170,-84.5684783497672,601.594656014017,591.504489960367
15,171,-79.3645085081319,608.701738974959,541.332618598786
15,172,-55.4612017396842,614.959739631543,696.521164603074
15,173,76.9231284908698,610.386870937129,635.012966310063
15,174,-86.2894429666545,617.06471617809,588.002096289067
15,175,-76.9977078654598,623.237809501739,540.413143918165
15,176,-70.6017651605436,628.166066036526,612.028383554663
15,177,80.521408174447,628.938139659857,655.253845012466
15,178,80.6395315124069,632.931992769164,577.669302925802
16,146,33.0206102390013,531.646766957294,500.691707640732
16,147,-58.5284150372087,536.613937008096,592.595626052906
16,148,84.2717698392106,538.004993486578,641.599810010756
16,149,36.3787719043935,548.991446712399,495.004322565451
16,150,-59.9253443097337,546.817877410295,602.816749414695
16,151,-81.6491945697776,549.150534880335,549.937985814531
16,152,50.5202373877761,558.296172580173,522.931978215994
16,153,-51.2508331310572,561.017203557312,609.451078594378
16,154,80.9459324216736,554.512459719664,652.657366434524
16,155,-80.7723670535124,562.160357250979,561.01294095817
16,156,72.4816509564841,567.222178486679,692.696885006107
16,157,77.899765303548,567.917406337833,645.72073137907
16,158,29.638047465756,585.80719535626,500.94899032463
16,159,35.6601158381304,584.593755230528,517.2085121147
16,160,-79.6830088488846,575.179093979864,571.516168029399
16,161,77.4260706477773,577.915134500596,624.729691198435
16,162,-86.5550596705136,578.560089331366,539.00180699649
16,163,74.8561249860642,581.88674169058,692.147985446427
16,164,72.0785130001528,586.943185124115,664.639687387904
16,165,-84.4810536003108,587.596174901958,590.004635550045
16,166,-85.6371577771579,592.07607239785,549.502897703199
16,167,77.1719831376783,593.024959096496,628.222025305977
16,168,-59.654422849363,607.752607135267,681.068503029892
16,169,77.2759445757664,599.524557843658,654.720255759588
16,170,-84.5684783497672,601.594656014017,591.504489960367
16,171,-79.3645085081319,608.701738974959,541.332618598786
16,172,-55.4612017396842,614.959739631543,696.521164603074
16,173,76.9231284908698,610.386870937129,635.012966310063
16,174,-86.2894429666545,617.06471617809,588.002096289067
16,175,-76.9977078654598,623.237809501739,540.413143918165
16,176,-70.6017651605436,628.166066036526,612.028383554663
16,177,80.521408174447,628.938139659857,655.253845012466
16,178,80.6395315124069,632.931992769164,577.669302925802
16,179,-39.9874536972796,227.766185178713,273.857380149762
16,180,51.809908359393,224.107018087525,180.309136242566
16,181,67.3318273492913,226.077247685156,313.385393520248
16,182,52.0433147748657,237.105762020254,173.8075327874
16,183,-39.4228262114778,243.251202006019,278.910000202665
16,184,-12.2913576746225,246.393558495402,201.011461151904
16,185,-85.5660143557188,237.578806892762,232.964337716041
16,186,-34.8994448408382,252.927862073324,291.17984258044
16,187,78.6764464750113,247.519465975136,330.696349245183
16,188,-85.7473946308087,252.575530430255,231.465676267138
16,189,15.0623680815295,260.870064835388,170.982821761106
16,190,79.416032730933,258.433681675728,374.784021049525
16,191,77.3048047082131,261.048894047252,324.439528794451
16,192,28.0477754565056,275.706174093301,193.676381728946
16,193,84.9342135178871,266.003906029964,255.08829950655
16,194,-82.8639139068868,268.624226443816,215.507746105749
16,195,79.2433565684076,272.017571236295,308.686637949637
16,196,81.1404944279985,273.434924989646,375.659977614972
16,197,-80.6494667873222,281.162474136204,224.013287197273
16,198,73.8388743126279,281.93986473969,351.576437616584
16,199,30.8110697929307,288.814465118957,183.673326070956
16,200,88.851113730738,281.000201031571,268.520050504427
16,201,79.2772782695466,286.424432773067,308.694786729731
16,202,-55.0622330674962,301.876455897319,370.803769539095
16,203,-70.4397037075485,299.282819977876,218.859257797914
16,204,75.4264837067223,295.032174419415,344.251622029172
16,205,-89.0946235327757,296.507900571361,272.000062422924
16,206,-52.4516207328701,312.408296034273,381.798864932648
16,207,76.5498092219496,304.041141257278,321.848899940933
16,208,-66.9059364595764,315.932310739722,217.384016951722
16,209,-89.7091087052759,311.005076989047,270.000012887992
16,210,75.516853092336,323.906731144046,337.265984597513
16,211,-77.3970130227031,324.621144364963,291.402950246796
16,212,75.6994666774364,325.407482551491,253.262501316418
17,179,-39.9874536972796,227.766185178713,273.857380149762
17,180,51.809908359393,224.107018087525,180.309136242566
17,181,67.3318273492913,226.077247685156,313.385393520248
17,182,52.0433147748657,237.105762020254,173.8075327874
17,183,-39.4228262114778,243.251202006019,278.910000202665
17,184,-12.2913576746225,246.393558495402,201.011461151904
17,185,-85.5660143557188,237.578806892762,232.964337716041
17,186,-34.8994448408382,252.927862073324,291.17984258044
17,187,78.6764464750113,247.519465975136,330.696349245183
17,188,-85.7473946308087,252.575530430255,231.465676267138
17,189,15.0623680815295,260.870064835388,170.982821761106
17,190,79.416032730933,258.433681675728,374.784021049525
17,191,77.3048047082131,261.048894047252,324.439528794451
17,192,28.0477754565056,275.706174093301,193.676381728946
17,193,84.9342135178871,266.003906029964,255.08829950655
17,194,-82.8639139068868,268.624226443816,215.507746105749
17,195,79.2433565684076,272.017571236295,308.686637949637
17,196,81.1404944279985,273.434924989646,375.659977614972
17,197,-80.6494667873222,281.162474136204,224.013287197273
17,198,73.8388743126279,281.93986473969,351.576437616584
17,199,30.8110697929307,288.814465118957,183.673326070956
17,200,88.851113730738,281.000201031571,268.520050504427
17,201,79.2772782695466,286.424432773067,308.694786729731
17,202,-55.0622330674962,301.876455897319,370.803769539095
17,203,-70.4397037075485,299.282819977876,218.859257797914
17,204,75.4264837067223,295.032174419415,344.251622029172
17,205,-89.0946235327757,296.507900571361,272.000062422924
17,206,-52.4516207328701,312.408296034273,381.798864932648
17,207,76.5498092219496,304.041141257278,321.848899940933
17,208,-66.9059364595764,315.932310739722,217.384016951722
17,209,-89.7091087052759,311.005076989047,270.000012887992
17,210,75.516853092336,323.906731144046,337.265984597513
17,211,-77.3970130227031,324.621144364963,291.402950246796
17,212,75.6994666774364,325.407482551491,253.262501316418
17,213,-29.8523283808957,525.8695449179,316.134922510018
17,214,59.9294304016214,524.249466860209,219.567295544434
17,215,59.0119872534102,527.242570635183,353.571362481658
17,216,59.251910453761,536.744367785002,211.070288270284
17,217,-30.5781734673692,544.5,321.5
17,218,-24.7299123867909,555.326632966956,332.928394492293
17,219,-12.1713871205889,550.394581670288,241.511239347164
17,220,-85.2973555843911,541.081984507105,274.503366396014
17,221,22.2623801182046,558.226694963615,207.347846370027
17,222,80.1822879399925,550.929387709163,369.677836496933
17,223,-87.8298115593952,555.538226500208,275.481783306516
17,224,-85.7004368383548,559.573563976595,417.540299856855
17,225,19.9245545508706,575.329608756642,229.970071084185
17,226,87.5012121479754,563.000950855831,354.043598251518
17,227,77.422355443794,568.52399819807,381.717762445405
17,228,-77.5532583782966,572.215532020176,256.023503226693
17,229,82.780728750115,569.945094049713,298.629630676151
17,230,-84.3473352812662,574.09606628632,425.554111538123
17,231,86.8379842163377,577.002283672574,352.582739365246
17,232,23.7060878319027,589.841167526925,219.756787407055
17,233,-77.7722028076412,585.21179896736,262.522686745498
17,234,76.2028553155536,586.528853834063,399.238485061138
17,235,84.2619522256711,585.502505301799,311.049990251669
17,236,-47.4827494352821,603.074979975183,424.807275207192
17,237,85.4936803870947,592.003091326216,355.578569053291
17,238,-76.7240200789504,597.729641731727,271.526724769117
17,239,76.0028471845899,600.029692253159,394.241873678642
17,240,85.5221583256341,601.003052397883,316.078073546308
17,241,-63.6272292997983,608.10407703208,239.055790549904
17,242,-49.3680699525268,619.446144361597,427.294947115308
17,243,78.4485053854962,609.530382309752,371.300372842498
17,244,-69.5358563631312,619.381175547577,254.388298264144
17,245,61.0060596903516,616.062664511768,298.2423585582
17,246,-77.0492752002738,618.724112998889,327.525436834408
17,247,76.8978872356411,626.026032391081,379.726687222349
17,248,69.9396198167094,630.858829050368,292.701839282688
17,249,-77.6502782612892,632.725448025432,332.416200565944
18,213,-29.8523283808957,525.8695449179,316.134922510018
18,214,59.9294304016214,524.249466860209,219.567295544434
18,215,59.0119872534102,527.242570635183,353.571362481658
18,216,59.251910453761,536.744367785002,211.070288270284
18,217,-30.5781734673692,544.5,321.5
18,218,-24.7299123867909,555.326632966956,332.928394492293
18,219,-12.1713871205889,550.394581670288,241.511239347164
18,220,-85.2973555843911,541.081984507105,274.503366396014
18,221,22.2623801182046,558.226694963615,207.347846370027
18,222,80.1822879399925,550.929387709163,369.677836496933
18,223,-87.8298115593952,555.538226500208,275.481783306516
18,224,-85.7004368383548,559.573563976595,417.540299856855
18,225,19.9245545508706,575.329608756642,229.970071084185
18,226,87.5012121479754,563.000950855831,354.043598251518
18,227,77.422355443794,568.52399819807,381.717762445405
18,228,-77.5532583782966,572.215532020176,256.023503226693
18,229,82.780728750115,569.945094049713,298.629630676151
18,230,-84.3473352812662,574.09606628632,425.554111538123
18,231,86.8379842163377,577.002283672574,352.582739365246
18,232,23.7060878319027,589.841167526925,219.756787407055
18,233,-77.7722028076412,585.21179896736,262.522686745498
18,234,76.2028553155536,586.528853834063,399.238485061138
18,235,84.2619522256711,585.502505301799,311.049990251669
18,236,-47.4827494352821,603.074979975183,424.807275207192
18,237,85.4936803870947,592.003091326216,355.578569053291
18,238,-76.7240200789504,597.729641731727,271.526724769117
18,239,76.0028471845899,600.029692253159,394.241873678642
18,240,85.5221583256341,601.003052397883,316.078073546308
18,241,-63.6272292997983,608.10407703208,239.055790549904
18,242,-49.3680699525268,619.446144361597,427.294947115308
18,243,78.4485053854962,609.530382309752,371.300372842498
18,244,-69.5358563631312,619.381175547577,254.388298264144
18,245,61.0060596903516,616.062664511768,298.2423585582
18,246,-77.0492752002738,618.724112998889,327.525436834408
18,247,76.8978872356411,626.026032391081,379.726687222349
18,248,69.9396198167094,630.858829050368,292.701839282688
18,249,-77.6502782612892,632.725448025432,332.416200565944
18,250,-23.2434032935745,193.762099291581,281.843262638985
18,251,56.8843083613046,191.354381121673,183.19195024552
18,252,58.7201744595526,194.645358294579,321.019218215546
18,253,55.6209703353017,201.782332486449,172.91266011086
18,254,-19.2037841368296,215.192287185001,289.636641832969
18,255,-16.6019489461278,226.357139517457,300.520843571965
18,256,89.986485155305,208.000000027819,240.000235878536
18,257,-9.07418348793161,222.414885915334,202.927400945462
18,258,22.4126127532427,225.5,169
18,259,76.2373048857459,220.043065927689,338.856851662376
18,260,-89.8455433362476,223.502695774069,228.000003633606
18,261,75.5420509661787,225.531668859536,260.749669386204
18,262,13.3544684068382,246.730974788548,190.527040264422
18,263,-85.9202647117487,228.569877663177,391.038106321358
18,264,79.5292253182194,231.024978399021,323.772600947624
18,265,-79.574131065139,239.172708140732,422.10699173722
18,266,-67.4739622166289,243.383103245315,217.076294471474
18,267,74.7021275500171,239.535432783874,358.263837233111
18,268,74.5830015965307,242.03598342288,265.765842131796
18,269,-88.7435473057673,244.021807260821,391.011204175497
18,270,79.2455178212232,246.008782098414,325.593300445666
18,271,15.4974069722587,260.5,178.5
18,272,-65.1804937495306,256.873578421518,223.302245930532
18,273,-48.1008941493297,262.706071454005,412.46174948577
18,274,77.0443313203878,258.012728088035,274.612098545084
18,275,87.3052253576413,255.500552916549,376.523507676031
18,276,77.933687016971,259.022093687151,321.709043639676
18,277,-64.2704688886347,268.934123455691,230.099146612806
18,278,78.3975118334964,268.520433483474,363.701120460675
18,279,79.3411388570561,274,275.5
18,280,78.0903415009861,274.113947460728,322.59242167155
18,281,-49.1161534218664,279.827263844815,414.621980984768
18,282,-59.5515369650842,283.753381565583,384.06895733132
18,283,-66.2455033758762,289.5,219.5
18,284,-67.662303974087,283.992624991442,193.004942946864
18,285,71.861216064048,281.099389570578,352.122639539036
18,286,76.0659460469201,287.39431076071,266.635115709562
18,287,-74.1868780766743,291.6362503039,301.018922194768
18,288,74.7127344259551,295.385862647193,348.149521310367
18,289,-55.7880684701234,297.5,390
18,290,70.4586777264462,300.086399248193,257.001729921862
18,291,-75.1090780488959,307.62848983776,301.516791596108
19,250,-23.2434032935745,193.762099291581,281.843262638985
19,251,56.8843083613046,191.354381121673,183.19195024552
19,252,58.7201744595526,194.645358294579,321.019218215546
19,253,55.6209703353017,201.782332486449,172.91266011086
19,254,-19.2037841368296,215.192287185001,289.636641832969
19,255,-16.6019489461278,226.357139517457,300.520843571965
19,256,89.986485155305,208.000000027819,240.000235878536
19,257,-9.07418348793161,222.414885915334,202.927400945462
19,258,22.4126127532427,225.5,169
19,259,76.2373048857459,220.043065927689,338.856851662376
19,260,-89.8455433362476,223.502695774069,228.000003633606
19,261,75.5420509661787,225.531668859536,260.749669386204
19,262,13.3544684068382,246.730974788548,190.527040264422
19,263,-85.9202647117487,228.569877663177,391.038106321358
19,264,79.5292253182194,231.024978399021,323.772600947624
19,265,-79.574131065139,239.172708140732,422.10699173722
19,266,-67.4739622166289,243.383103245315,217.076294471474
19,267,74.7021275500171,239.535432783874,358.263837233111
19,268,74.5830015965307,242.03598342288,265.765842131796
19,269,-88.7435473057673,244.021807260821,391.011204175497
19,270,79.2455178212232,246.008782098414,325.593300445666
19,271,15.4974069722587,260.5,178.5
19,272,-65.1804937495306,256.873578421518,223.302245930532
19,273,-48.1008941493297,262.706071454005,412.46174948577
19,274,77.0443313203878,258.012728088035,274.612098545084
19,275,87.3052253576413,255.500552916549,376.523507676031
19,276,77.933687016971,259.022093687151,321.709043639676
19,277,-64.2704688886347,268.934123455691,230.099146612806
19,278,78.3975118334964,268.520433483474,363.701120460675
19,279,79.3411388570561,274,275.5
19,280,78.0903415009861,274.113947460728,322.59242167155
19,281,-49.1161534218664,279.827263844815,414.621980984768
19,282,-59.5515369650842,283.753381565583,384.06895733132
19,283,-66.2455033758762,289.5,219.5
19,284,-67.662303974087,283.992624991442,193.004942946864
19,285,71.861216064048,281.099389570578,352.122639539036
19,286,76.0659460469201,287.39431076071,266.635115709562
19,287,-74.1868780766743,291.6362503039,301.018922194768
19,288,74.7127344259551,295.385862647193,348.149521310367
19,289,-55.7880684701234,297.5,390
19,290,70.4586777264462,300.086399248193,257.001729921862
19,291,-75.1090780488959,307.62848983776,301.516791596108
19,292,-18.9694709495109,537.81031380468,673.864621890033
19,293,55.9306161277576,529.085820102456,702.780098219327
19,294,57.8720220989999,531.806275329956,574.063624342559
19,295,54.6577176592046,540.092144535714,559.789229874412
19,296,-15.3553095500413,559.132402023354,682.482151121757
19,297,56.4768058607619,547.249506517188,729.328411763222
19,298,-15.27342246952,572.631712798383,692.982339858131
19,299,-85.6533281460138,552.575790986454,630.502876273288
19,300,18.1617261486357,566.024909759622,556.344149868473
19,301,-11.6363734241875,568.308576549415,591.121402474406
19,302,8.5840536014186,576.5,573.5
19,303,61.3624861148318,569.183495947752,654.218899909872
19,304,82.036503717985,566.51928692732,734.777084326
19,305,-83.8999523257481,570.097771682268,796.665059492333
19,306,-75.1974195419405,570.255489300975,615.533188117012
19,307,-57.2902550761742,580.349482276253,825.80909883859
19,308,85.9844831963113,578.502454877722,717.570026630794
19,309,-65.8161265126562,589.704833145801,606.543882271358
19,310,68.8936389995465,586.600629656871,655.040150574166
19,311,78.4999804519237,584.520075363399,755.699368268746
19,312,-82.6221988975408,586.628411370025,791.508279010987
19,313,13.0646714290643,605.625967587816,565.899916876895
19,314,85.3657498307541,592.503269240805,719.080794762671
19,315,-54.2345006618656,601.197942545525,820.886526641248
19,316,13.7345746116363,604.5,580.5
19,317,-63.5622516824043,602.82719397751,612.607065480508
19,318,-89.3016934288431,600.012187447127,776.000074269692
19,319,68.8184779070398,606.067559623232,666.361323876561
19,320,86.408112535283,606.501964391038,715.562649207845
19,321,-62.8829665666321,614.727904769007,620.054961331721
19,322,76.6388769196544,613.027067097774,760.731087792335
19,323,69.3580835542538,622.5,669
19,324,-57.390366198687,622.769456214322,814.578819102329
19,325,-49.2191885091641,624.690762755601,786.641642505716
19,326,84.8603015506866,621.002010382869,716.04479220055
19,327,-61.8212925380828,630.176851110388,622.295372107554
19,328,74.2857821539813,626.401955768288,753.789527044007
19,329,-67.9188186692384,631.224633887858,580.34871396124
19,330,68.2006575175323,634.60726486713,660.057035770548
19,331,80.0120968539799,639.51515560661,742.673440251405
19,332,-51.5525947488744,645,786
19,333,-69.5200146253761,643.524820240793,590.594808299607
19,334,66.1812244677732,646.883250069863,649.946431412752
19,335,-66.3127691982441,646.785119698461,691.140380226803
19,336,-66.1714754148358,659.085241349719,701.595999242901
20,292,-18.9694709495109,537.81031380468,673.864621890033
20,293,55.9306161277576,529.085820102456,702.780098219327
20,294,57.8720220989999,531.806275329956,574.063624342559
20,295,54.6577176592046,540.092144535714,559.789229874412
20,296,-15.3553095500413,559.132402023354,682.482151121757
20,297,56.4768058607619,547.249506517188,729.328411763222
20,298,-15.27342246952,572.631712798383,692.982339858131
20,299,-85.6533281460138,552.575790986454,630.502876273288
20,300,18.1617261486357,566.024909759622,556.344149868473
20,301,-11.6363734241875,568.308576549415,591.121402474406
20,302,8.5840536014186,576.5,573.5
20,303,61.3624861148318,569.183495947752,654.218899909872
20,304,82.036503717985,566.51928692732,734.777084326
20,305,-83.8999523257481,570.097771682268,796.665059492333
20,306,-75.1974195419405,570.255489300975,615.533188117012
20,307,-57.2902550761742,580.349482276253,825.80909883859
20,308,85.9844831963113,578.502454877722,717.570026630794
20,309,-65.8161265126562,589.704833145801,606.543882271358
20,310,68.8936389995465,586.600629656871,655.040150574166
20,311,78.4999804519237,584.520075363399,755.699368268746
20,312,-82.6221988975408,586.628411370025,791.508279010987
20,313,13.0646714290643,605.625967587816,565.899916876895
20,314,85.3657498307541,592.503269240805,719.080794762671
20,315,-54.2345006618656,601.197942545525,820.886526641248
20,316,13.7345746116363,604.5,580.5
20,317,-63.5622516824043,602.82719397751,612.607065480508
20,318,-89.3016934288431,600.012187447127,776.000074269692
20,319,68.8184779070398,606.067559623232,666.361323876561
20,320,86.408112535283,606.501964391038,715.562649207845
20,321,-62.8829665666321,614.727904769007,620.054961331721
20,322,76.6388769196544,613.027067097774,760.731087792335
20,323,69.3580835542538,622.5,669
20,324,-57.390366198687,622.769456214322,814.578819102329
20,325,-49.2191885091641,624.690762755601,786.641642505716
20,326,84.8603015506866,621.002010382869,716.04479220055
20,327,-61.8212925380828,630.176851110388,622.295372107554
20,328,74.2857821539813,626.401955768288,753.789527044007
20,329,-67.9188186692384,631.224633887858,580.34871396124
20,330,68.2006575175323,634.60726486713,660.057035770548
20,331,80.0120968539799,639.51515560661,742.673440251405
20,332,-51.5525947488744,645,786
20,333,-69.5200146253761,643.524820240793,590.594808299607
20,334,66.1812244677732,646.883250069863,649.946431412752
20,335,-66.3127691982441,646.785119698461,691.140380226803
20,336,-66.1714754148358,659.085241349719,701.595999242901
