TimeStep,CellId,Center_X,Center_Y,Orientation,Major_axis,Minor_axis,lable,parent
1,1,31.5331020355225,157.224044799805,-84.4780731201172,68.8840637207031,13.7967853546143,1,0
1,2,197.22444152832,69.0849533081055,53.5093994140625,31.4717693328857,12.7845020294189,2,0
1,3,65.1236419677734,310.255523681641,-77.1994476318359,54.7533569335938,12.8007202148438,3,0
1,4,141.226669311523,-13.6083946228027,62.2104339599609,43.7814674377441,13.2132740020752,4,0
1,5,160.096588134766,290.808227539063,86.6265716552734,42.1263122558594,13.1782655715942,5,0
1,6,199.845657348633,46.870662689209,86.2076873779297,37.9028663635254,13.1280832290649,6,0
1,7,301.430328369141,38.4134712219238,57.4092102050781,29.2432823181152,12.2751455307007,7,0
1,8,258.159515380859,62.5446395874023,78.4960174560547,50.980037689209,13.0095071792603,8,0
1,9,371.240783691406,77.003044128418,58.5016021728516,49.8141708374023,13.3821582794189,9,0
1,10,317.167449951172,172.080108642578,79.960693359375,30.4409561157227,13.4055337905884,10,0
1,11,245.011795043945,237.215026855469,-60.3295440673828,33.6024703979492,13.8499021530151,11,0
2,1,30.9561347961426,157.333908081055,-84.3167572021484,69.1927032470703,13.9340019226074,1,0
2,2,196.456359863281,71.6757354736328,54.138916015625,31.2327079772949,12.8001928329468,2,0
2,3,71.263801574707,308.943695068359,-78.1156616210938,59.1337432861328,11.7941293716431,3,0
2,4,141.493453979492,-11.4976186752319,62.9556121826172,45.1075668334961,13.173303604126,4,0
2,5,157.913589477539,292.130096435547,87.0317687988281,42.55419921875,13.2747287750244,5,0
2,6,199.637542724609,47.1837539672852,86.2440032958984,38.5535583496094,13.1040067672729,6,0
2,7,301.269134521484,39.489574432373,57.5930023193359,29.378870010376,12.2883195877075,7,0
2,8,258.092834472656,62.5835494995117,78.4928131103516,51.2766532897949,13.0818967819214,8,0
2,9,371.274353027344,76.3966522216797,58.3860778808594,50.0502891540527,13.4389514923096,9,0
2,10,316.493438720703,173.372665405273,80.1800689697266,30.7809734344482,13.4078187942505,10,0
2,11,243.124481201172,238.807205200195,-59.9527587890625,34.1774215698242,13.8215808868408,11,0
3,1,30.9774417877197,157.504135131836,-84.3084106445313,69.1720504760742,14.0959510803223,1,0
3,2,196.061386108398,73.4376449584961,54.5957641601563,31.2445907592773,12.8229990005493,2,0
3,3,70.003303527832,309.278930664063,-77.8456878662109,61.0689163208008,11.6571502685547,3,0
3,4,141.79866027832,-11.2064218521118,63.0377197265625,44.2591590881348,13.2559852600098,4,0
3,5,157.049072265625,292.634918212891,87.1739654541016,43.40869140625,13.2941808700562,5,0
3,6,200.105285644531,46.2115440368652,85.9161529541016,39.131420135498,13.1039562225342,6,0
3,7,301.053741455078,41.758716583252,58.0218353271484,29.5635414123535,12.3164463043213,7,0
3,8,258.507843017578,60.6894645690918,78.07958984375,53.1476821899414,13.0030994415283,8,0
3,9,370.961120605469,77.5742034912109,58.5589294433594,51.0983505249023,13.4130163192749,9,0
3,10,317.360412597656,172.011993408203,79.9157562255859,30.8727245330811,13.4234685897827,10,0
3,11,244.559310913086,237.368759155273,-60.3216857910156,34.3417015075684,13.8286190032959,11,0
4,1,30.1341781616211,157.890289306641,-83.9508514404297,70.2357177734375,14.2183752059937,1,0
4,2,194.439910888672,78.3599166870117,55.9895324707031,32.1695671081543,12.7774744033813,2,0
4,3,72.0307464599609,309.252563476563,-78.0518646240234,61.8445091247559,11.5470972061157,3,0
4,4,142.16194152832,-11.2426595687866,62.9567260742188,47.045238494873,13.1052408218384,4,0
4,5,154.542663574219,294.066680908203,87.6073455810547,43.7812843322754,13.2616519927979,5,0
4,6,200.642120361328,45.8612899780273,85.7271728515625,39.4210319519043,13.0995035171509,6,0
4,7,301.181884765625,44.0423545837402,58.4041442871094,30.180757522583,12.3054780960083,7,0
4,8,258.389739990234,62.5933570861816,78.3346557617188,52.8397331237793,13.0322751998901,8,0
4,9,371.217071533203,78.7582702636719,58.7131042480469,52.4596099853516,13.356614112854,9,0
4,10,317.671447753906,171.772232055664,79.8368377685547,31.1523113250732,13.4141502380371,10,0
4,11,244.065811157227,238.019638061523,-60.2382965087891,34.8685264587402,13.7804183959961,11,0
5,1,29.6688499450684,158.086029052734,-83.7967834472656,71.042854309082,14.3471899032593,1,0
5,2,194.470275878906,78.3236846923828,55.9400024414063,32.1040229797363,12.8176946640015,2,0
5,3,69.3339004516602,309.8623046875,-77.5276641845703,61.7238540649414,11.8110809326172,3,0
5,4,142.389755249023,-9.39401721954346,63.6612396240234,46.8781127929688,13.2133340835571,4,0
5,5,153.322463989258,294.743377685547,87.8220977783203,44.013355255127,13.4772453308105,5,0
5,6,200.663177490234,46.008487701416,85.7433013916016,40.6693267822266,13.0512619018555,6,0
5,7,301.047607421875,45.0411911010742,58.5794830322266,30.5451259613037,12.284122467041,7,0
5,8,258.452667236328,62.5965843200684,78.3115234375,53.7424354553223,13.0558700561523,8,0
5,9,370.774871826172,79.9127731323242,58.8767547607422,53.8285293579102,13.3374996185303,9,0
5,10,316.671417236328,173.867645263672,80.1872863769531,31.4727344512939,13.4645013809204,10,0
5,11,242.111343383789,239.858917236328,-59.7895660400391,34.9101524353027,13.8203992843628,11,0
6,1,28.2910118103027,158.377838134766,-83.2571868896484,70.2736663818359,14.5274896621704,1,0
6,2,194.455307006836,79.4743270874023,56.1864624023438,32.5317230224609,12.8358726501465,2,0
6,3,70.3750534057617,309.984710693359,-77.5974273681641,64.2540054321289,11.7089815139771,3,0
6,4,142.983947753906,-8.451171875,64.0012817382813,47.7038764953613,13.2085762023926,4,0
6,5,150.456100463867,296.339874267578,88.3185272216797,44.2422561645508,13.5520639419556,5,0
6,6,201.247909545898,45.2099533081055,85.4267425537109,40.5498428344727,13.0873498916626,6,0
6,7,300.950439453125,46.8064804077148,58.8858947753906,30.5881690979004,12.2793302536011,7,0
6,8,258.474578857422,62.70263671875,78.3422088623047,56.0243148803711,12.9265670776367,8,0
6,9,370.705963134766,82.2228317260742,59.2188262939453,54.6226463317871,13.3594627380371,9,0
6,10,319.278503417969,169.503814697266,79.3843536376953,31.828311920166,13.430739402771,10,0
6,11,239.188812255859,242.992889404297,-59.1335754394531,35.5525665283203,13.7105798721313,11,0
7,1,27.0968399047852,158.539764404297,-82.8529968261719,69.8425140380859,14.7693939208984,1,0
7,2,193.546325683594,81.3310165405273,56.7505340576172,32.2609367370605,12.9050588607788,2,0
7,3,69.0598602294922,310.389495849609,-77.3491058349609,63.6976051330566,11.8310556411743,3,0
7,4,143.339828491211,-7.93849325180054,64.1436309814453,50.0653457641602,13.1851596832275,4,0
7,5,146.83512878418,298.289031982422,89.0363616943359,44.4513320922852,13.7204208374023,5,0
7,6,201.405120849609,44.9676246643066,85.3224487304688,41.8307762145996,13.0937042236328,6,0
7,7,300.649505615234,48.4499893188477,59.1941986083984,31.1989307403564,12.2803173065186,7,0
7,8,258.768798828125,62.0743446350098,78.1060791015625,56.17919921875,12.988489151001,8,0
7,9,370.166656494141,83.282356262207,59.3618316650391,55.5631446838379,13.3827323913574,9,0
7,10,318.325469970703,171.474090576172,79.7125701904297,32.0576210021973,13.5246028900146,10,0
7,11,241.881973266602,240.304290771484,-59.7534942626953,35.567268371582,13.7592754364014,11,0
8,13,3.26616764068604,146.100479125977,-73.2325134277344,34.4529151916504,13.7405071258545,1,1
8,12,-8.93731498718262,175.044036865234,-71.1827087402344,35.0564117431641,13.6776676177979,1,1
8,2,192.887268066406,83.1882553100586,57.2851867675781,33.291015625,12.8504495620728,2,0
8,3,68.1081466674805,310.710632324219,-77.1822052001953,66.8203811645508,11.8289747238159,3,0
8,4,143.927230834961,-7.1663703918457,64.4195556640625,50.8014297485352,13.1975936889648,4,0
8,5,144.769561767578,299.254699707031,89.3692932128906,45.1928100585938,13.6731462478638,5,0
8,6,201.511947631836,45.0523834228516,85.3332366943359,41.6224327087402,13.1618824005127,6,0
8,7,300.765350341797,49.6304244995117,59.404052734375,31.6274166107178,12.256854057312,7,0
8,8,259.072631835938,60.2211418151855,77.7887878417969,57.858154296875,12.9307594299316,8,0
8,9,369.920684814453,85.3107986450195,59.6736907958984,56.3080101013184,13.4194345474243,9,0
8,10,316.889862060547,174.131805419922,80.1773529052734,32.4216499328613,13.482629776001,10,0
8,11,239.699676513672,242.373947143555,-59.2948455810547,36.0602912902832,13.7620582580566,11,0
9,13,0.00211027264595032,145.872741699219,-71.9230346679688,34.9429626464844,13.7139101028442,1,1
9,12,-13.2436838150024,174.944412231445,-69.7825927734375,35.3560256958008,13.6350231170654,1,1
9,2,192.093994140625,85.5647888183594,57.8907470703125,33.6338691711426,12.8680877685547,2,0
9,3,69.4145660400391,310.585815429688,-77.4054718017578,67.3698806762695,11.8599510192871,3,0
9,4,144.261245727539,-5.81072998046875,64.9111480712891,52.4612083435059,13.157075881958,4,0
9,5,141.703948974609,300.843566894531,89.9480743408203,45.7261352539063,13.6948690414429,5,0
9,6,201.7080078125,44.5843696594238,85.1774597167969,43.3475379943848,13.1305179595947,6,0
9,7,300.777191162109,49.4942665100098,59.3645782470703,32.050537109375,12.2512302398682,7,0
9,8,259.493530273438,59.7253761291504,77.4726409912109,58.0048904418945,12.9440002441406,8,0
9,9,369.439758300781,88.089469909668,60.1001281738281,56.9297065734863,13.4747285842896,9,0
9,10,315.785766601563,176.3515625,80.5796203613281,33.1876106262207,13.5054235458374,10,0
9,11,238.682540893555,243.465408325195,-59.0582580566406,36.733268737793,13.7173233032227,11,0
10,13,-7.37131071090698,145.531356811523,-69.1408386230469,36.5713844299316,13.6152238845825,1,1
10,12,-15.0420923233032,174.989364624023,-69.1526489257813,35.2281646728516,13.7136535644531,1,1
10,2,192.12109375,85.7486267089844,57.9507141113281,33.4086952209473,12.9071836471558,2,0
10,3,67.3870849609375,310.924560546875,-77.1720581054688,70.4773254394531,11.9240255355835,3,0
10,4,144.458541870117,-5.3507251739502,65.0599822998047,53.5999526977539,13.1434745788574,4,0
10,5,140.811737060547,301.369476318359,-89.8825378417969,46.4896469116211,13.7769327163696,5,0
10,6,202.119552612305,44.0563697814941,84.9643859863281,42.8887176513672,13.188045501709,6,0
10,7,300.765716552734,51.107250213623,59.6451263427734,32.6152458190918,12.2479810714722,7,0
10,8,259.653411865234,58.6534271240234,77.208740234375,58.9877815246582,12.909234046936,8,0
10,9,369.007904052734,90.0384902954102,60.3804779052734,57.3382110595703,13.5056419372559,9,0
10,10,316.341033935547,176.255554199219,80.5234680175781,33.7970161437988,13.4999914169312,10,0
10,11,240.207992553711,241.966720581055,-59.4274291992188,36.7092971801758,13.7550325393677,11,0
11,13,-7.87799263000488,145.26676940918,-68.9184265136719,37.1492958068848,13.6687860488892,1,1
11,12,-16.5876159667969,174.847625732422,-68.7060852050781,35.8348274230957,13.7208757400513,1,1
11,2,191.746017456055,87.2593841552734,58.3210601806641,34.5053100585938,12.8327074050903,2,0
11,3,70.054573059082,310.351684570313,-77.695556640625,71.4387893676758,11.9282665252686,3,0
11,4,144.954406738281,-6.14613771438599,64.7360992431641,53.7253723144531,13.2035646438599,4,0
11,5,139.096817016602,302.005004882813,-89.6599273681641,47.1224517822266,13.7435188293457,5,0
11,6,201.986022949219,45.4522323608398,85.3253784179688,43.6566848754883,13.1610956192017,6,0
11,7,300.291168212891,54.2631912231445,60.2383575439453,32.5034065246582,12.3232526779175,7,0
11,8,259.834869384766,58.4532127380371,77.0945739746094,58.4342575073242,12.9346199035645,8,0
11,9,368.403137207031,91.8949966430664,60.6516876220703,59.3354835510254,13.5197811126709,9,0
11,10,316.763519287109,175.428359985352,80.3738708496094,34.4273872375488,13.478422164917,10,0
11,11,239.566497802734,242.609649658203,-59.3047485351563,37.2445068359375,13.711483001709,11,0
12,13,-13.138409614563,144.433074951172,-66.8829040527344,38.4528198242188,13.3450546264648,1,1
12,12,-19.1795635223389,174.775695800781,-67.8042907714844,36.8743476867676,13.3602848052979,1,1
12,2,190.207214355469,90.2294464111328,59.2875823974609,34.6286315917969,12.8291702270508,2,0
12,3,69.0700378417969,310.773315429688,-77.4864501953125,72.539176940918,11.9649314880371,3,0
12,4,145.141616821289,-5.78626775741577,64.8314056396484,56.5972366333008,13.0438451766968,4,0
12,5,138.374206542969,302.156219482422,-89.5862579345703,47.2784805297852,14.0023288726807,5,0
12,6,201.878570556641,45.2067794799805,85.2457275390625,44.9603843688965,13.1616811752319,6,0
12,7,300.334197998047,53.5702972412109,60.1138458251953,33.5304756164551,12.2082052230835,7,0
12,8,260.577026367188,54.5869750976563,76.1680145263672,61.2652626037598,12.774356842041,8,0
12,9,367.499450683594,95.5843658447266,61.2222137451172,59.3436317443848,13.3920269012451,9,0
12,10,315.83447265625,177.312957763672,80.7086944580078,34.7919807434082,13.4534254074097,10,0
12,11,237.760848999023,244.428680419922,-58.8656768798828,37.5633125305176,13.7180862426758,11,0
13,13,-16.273344039917,143.936752319336,-65.6664733886719,39.2298164367676,13.3212337493896,1,1
13,12,-21.6088848114014,174.627777099609,-66.9759216308594,37.0563468933105,13.4696760177612,1,1
13,2,190.426177978516,89.9878005981445,59.1929168701172,35.1055183410645,12.9042501449585,2,0
13,3,70.2067565917969,310.549072265625,-77.8001251220703,75.9892349243164,11.8240957260132,3,0
13,4,145.54719543457,-5.7979941368103,64.8426666259766,57.2091369628906,13.1464786529541,4,0
13,5,133.372604370117,304.246063232422,-88.6918640136719,48.3015785217285,13.7786016464233,5,0
13,6,202.202087402344,44.4530792236328,85.0220947265625,45.0558013916016,13.2795314788818,6,0
13,7,300.002685546875,54.9752616882324,60.3718109130859,33.2871894836426,12.2920751571655,7,0
13,8,260.632537841797,54.5958404541016,76.1049194335938,61.4289398193359,12.8559694290161,8,0
13,9,366.888214111328,98.0528411865234,61.6077880859375,59.8030052185059,13.5093746185303,9,0
13,10,315.677307128906,177.871292114258,80.7872772216797,35.480827331543,13.4568290710449,10,0
13,11,236.6279296875,245.623641967773,-58.6004791259766,37.5104484558105,13.8336238861084,11,0
14,13,-16.8031635284424,143.971786499023,-65.4618072509766,40.2449798583984,13.328667640686,1,1
14,12,-25.6492481231689,174.323104858398,-65.6078948974609,38.3913993835449,13.4012784957886,1,1
14,2,191.106216430664,88.6176986694336,58.7954254150391,35.7560920715332,12.859824180603,2,0
14,3,70.9240798950195,310.442413330078,-77.9449157714844,76.6573104858398,11.844765663147,3,0
14,4,145.964584350586,-3.17743945121765,65.8132934570313,59.9031715393066,13.1519002914429,4,0
14,5,132.390319824219,304.626495361328,-88.5351257324219,48.9370536804199,13.8579769134521,5,0
14,6,202.170852661133,44.5496292114258,85.0326385498047,46.7165451049805,13.1989793777466,6,0
14,7,299.8994140625,55.658275604248,60.4853210449219,34.4657669067383,12.2326383590698,7,0
14,8,260.449249267578,55.6282348632813,76.3254547119141,62.3296699523926,12.8367042541504,8,0
14,9,365.922943115234,100.912467956543,62.0450744628906,61.9763488769531,13.427041053772,9,0
14,10,316.288421630859,176.651992797852,80.5612335205078,35.8809585571289,13.4618072509766,10,0
14,11,235.851821899414,246.266418457031,-58.4508514404297,37.8382301330566,13.8386278152466,11,0
15,13,-17.1779308319092,143.704986572266,-65.2770690917969,40.044075012207,13.3483972549438,1,1
15,12,-28.869686126709,173.82145690918,-64.550048828125,38.9593696594238,13.3674955368042,1,1
15,2,190.56640625,89.8972473144531,59.2152862548828,35.871711730957,12.9080724716187,2,0
15,3,79.6843719482422,308.907653808594,-79.5240173339844,79.1506881713867,11.718620300293,3,0
15,4,146.461776733398,-2.61504006385803,66.0660095214844,60.4024658203125,13.1607093811035,4,0
15,5,127.188613891602,306.576354980469,-87.5901794433594,49.0301628112793,14.017204284668,5,0
15,6,202.271438598633,44.6338539123535,85.0401306152344,46.1543807983398,13.2708101272583,6,0
15,7,299.871917724609,56.7691802978516,60.6890106201172,33.7109184265137,12.3592720031738,7,0
15,8,261.152801513672,52.3711051940918,75.65234375,66.581672668457,12.6621656417847,8,0
15,9,365.54541015625,102.419738769531,62.2732696533203,61.2931289672852,13.5749082565308,9,0
15,10,315.576477050781,178.044967651367,80.8070373535156,36.3819923400879,13.4517621994019,10,0
15,11,236.246810913086,245.818588256836,-58.5737457275391,38.3691329956055,13.8035488128662,11,0
16,13,-20.7824440002441,143.369674682617,-63.8735656738281,42.0446434020996,13.2374715805054,1,1
16,12,-29.7377967834473,173.831436157227,-64.1890563964844,40.0995445251465,13.3024654388428,1,1
16,2,188.605331420898,93.5853652954102,60.3505096435547,36.4654998779297,12.8806715011597,2,0
16,15,39.8033828735352,312.820159912109,-75.1419525146484,30.0086650848389,12.2901210784912,3,3
16,14,107.050086975098,305.114013671875,-81.9358978271484,34.2367515563965,11.7399168014526,3,3
16,4,147.132034301758,-1.93495917320251,66.3473663330078,60.4250335693359,13.2167768478394,4,0
16,5,128.605102539063,305.862182617188,-87.9007415771484,49.1022148132324,14.2325649261475,5,0
16,6,202.430023193359,44.6357841491699,84.9967651367188,47.9127159118652,13.2101383209229,6,0
16,7,300.193023681641,54.9169502258301,60.3207702636719,34.8067970275879,12.2613830566406,7,0
16,8,261.249359130859,52.1065559387207,75.4853515625,65.5920944213867,12.7319374084473,8,0
16,9,363.974914550781,106.214920043945,62.8571624755859,61.4085998535156,13.8386726379395,9,0
16,10,315.650512695313,177.770111083984,80.758056640625,37.1229858398438,13.4135580062866,10,0
16,11,236.252166748047,245.762802124023,-58.5945129394531,38.8537673950195,13.7605848312378,11,0
17,13,-23.2984218597412,142.631774902344,-62.8979034423828,42.0759773254395,13.2069988250732,1,1
17,12,-32.2409362792969,173.518768310547,-63.4134521484375,40.2707061767578,13.2736968994141,1,1
17,2,189.170486450195,92.6560897827148,60.0894470214844,36.8772888183594,12.8413228988647,2,0
17,15,37.0912818908691,313.102355957031,-74.6865997314453,30.1081142425537,12.2065372467041,3,3
17,14,158.996475219727,281.599426269531,87.8606872558594,35.1324920654297,11.7168645858765,3,3
17,4,147.466079711914,-0.619108855724335,66.8477630615234,61.9458770751953,13.219181060791,4,0
17,17,39.7747497558594,324.479553222656,-74.0189361572266,28.4931812286377,10.1602020263672,5,5
17,16,261.421081542969,211.529296875,65.6461944580078,22.8015213012695,12.1875,5,5
17,6,202.732391357422,43.3495788574219,84.6398620605469,47.4304885864258,13.2892017364502,6,0
17,7,299.675598144531,57.5894508361816,60.8281860351563,35.2249641418457,12.2627668380737,7,0
17,8,261.401947021484,51.4516830444336,75.3726043701172,66.7073669433594,12.7182216644287,8,0
17,9,362.31005859375,110.923484802246,63.5742492675781,61.887321472168,14.0518083572388,9,0
17,10,315.483337402344,178.193420410156,80.8277587890625,37.4661102294922,13.4356813430786,10,0
17,11,235.377944946289,246.413009643555,-58.4443511962891,39.1587715148926,13.7493953704834,11,0
18,13,-25.1011028289795,142.637329101563,-62.2073516845703,44.1021614074707,13.1304616928101,1,1
18,12,-33.0678062438965,173.337539672852,-63.1067047119141,40.7813835144043,13.2696800231934,1,1
18,2,188.064788818359,94.3819732666016,60.7086029052734,37.3923530578613,12.8662948608398,2,0
18,15,40.8345565795898,312.689636230469,-75.2775115966797,30.2727470397949,12.0436229705811,3,3
18,14,179.823883056641,268.540313720703,83.5100402832031,36.6615676879883,11.9454154968262,3,3
18,4,147.803085327148,-0.229915335774422,67.0117034912109,64.6831893920898,13.1609201431274,4,0
18,6,202.509094238281,43.1817512512207,84.5855865478516,48.7285003662109,13.2192115783691,6,0
18,7,299.467468261719,59.4396209716797,61.1694641113281,34.9937858581543,12.3070049285889,7,0
18,8,261.33447265625,51.4465637207031,75.3525390625,67.2243576049805,12.717921257019,8,0
18,9,356.644470214844,127.860977172852,66.1132354736328,51.8687057495117,17.1284408569336,9,0
18,10,315.946594238281,177.239196777344,80.6548614501953,38.1901397705078,13.3725967407227,10,0
18,11,235.425323486328,246.496551513672,-58.4466705322266,39.5651702880859,13.7497415542603,11,0
19,13,-27.2509307861328,142.163177490234,-61.3059692382813,43.6266441345215,13.399543762207,1,1
19,12,-34.8729057312012,173.143157958984,-62.4969482421875,41.3784141540527,13.538444519043,1,1
19,2,189.026031494141,93.1419677734375,60.2613983154297,37.4942092895508,12.9124059677124,2,0
19,15,86.4031448364258,304.584228515625,-83.2711944580078,27.265209197998,13.1800680160522,3,3
19,14,205.935806274414,246.83984375,77.366943359375,35.6971969604492,12.5669956207275,3,3
19,4,148.020797729492,1.89113211631775,67.7993621826172,66.7167739868164,13.2424745559692,4,0
19,6,202.438934326172,43.8818588256836,84.7315368652344,48.8738288879395,13.2252292633057,6,0
19,7,300.057647705078,57.9606552124023,60.8749389648438,35.5707244873047,12.4024124145508,7,0
19,8,261.943267822266,49.6065216064453,74.9875183105469,70.9846725463867,12.7102098464966,8,0
19,9,353.165557861328,136.533996582031,67.4572906494141,50.9126777648926,18.0785255432129,9,0
19,10,316.936218261719,175.609741210938,80.3622436523438,38.7056350708008,13.45263671875,10,0
19,11,234.664688110352,247.272155761719,-58.2855834960938,39.36572265625,13.7806730270386,11,0
20,13,-28.9595565795898,141.909530639648,-60.6019897460938,44.6163902282715,13.3947734832764,1,1
20,12,-35.5628852844238,173.334884643555,-62.1743011474609,42.3027954101563,13.5294971466064,1,1
20,2,188.047027587891,94.7126541137695,60.8141784667969,38.211353302002,12.9630136489868,2,0
20,15,126.268257141113,291.214965820313,89.3838348388672,27.6019439697266,13.6387510299683,3,3
20,14,211.99658203125,241.232467651367,75.8995513916016,36.1077880859375,12.5053682327271,3,3
20,4,148.6240234375,3.08226537704468,68.2966003417969,64.8681335449219,13.4233827590942,4,0
20,6,202.215209960938,43.3504371643066,84.5614318847656,50.3530654907227,13.2186794281006,6,0
20,7,299.466644287109,60.2967071533203,61.3247833251953,36.0546875,12.3815221786499,7,0
20,8,261.768249511719,50.3138198852539,75.0495147705078,69.5651473999023,12.803352355957,8,0
20,9,351.482727050781,141.138198852539,68.1696319580078,50.028450012207,18.610767364502,9,0
20,10,316.795745849609,175.827423095703,80.3916625976563,39.3354873657227,13.4666843414307,10,0
20,11,232.08984375,249.588195800781,-57.7066650390625,40.3081932067871,13.8312139511108,11,0
21,13,-29.8598575592041,141.489929199219,-60.2866668701172,45.8558082580566,13.3113079071045,1,1
21,12,-37.089485168457,173.190322875977,-61.7416839599609,43.4258689880371,13.4813575744629,1,1
21,2,187.053726196289,96.8502044677734,61.4519195556641,38.9199447631836,12.8984804153442,2,0
21,15,123.650695800781,292.425506591797,89.9408569335938,28.2593402862549,13.8031930923462,3,3
21,14,216.595977783203,236.599060058594,74.7333068847656,37.5646018981934,12.5781145095825,3,3
21,4,149.906036376953,13.2207832336426,72.4165496826172,66.1166000366211,13.8897953033447,4,0
21,6,202.47135925293,42.1453132629395,84.2097473144531,51.1842803955078,13.2324686050415,6,0
21,7,298.653533935547,64.3354034423828,62.1005706787109,36.0926475524902,12.4644718170166,7,0
21,8,261.519866943359,51.8777770996094,75.3847503662109,69.9501876831055,12.8776950836182,8,0
21,9,348.066802978516,148.951675415039,69.402587890625,49.8221435546875,19.2677192687988,9,0
21,10,316.643096923828,175.592361450195,80.3346862792969,40.3703079223633,13.4479703903198,10,0
21,11,230.915618896484,250.606994628906,-57.4800720214844,40.6190719604492,13.7966079711914,11,0
22,13,-31.8583602905273,141.268371582031,-59.4918975830078,46.5029144287109,13.2149543762207,1,1
22,12,-36.9718284606934,173.252960205078,-61.7885284423828,43.8991165161133,13.3881912231445,1,1
22,2,187.124465942383,96.7501373291016,61.4697723388672,39.6096801757813,12.8629531860352,2,0
22,15,123.358497619629,292.3662109375,89.9192352294922,29.057056427002,13.6747159957886,3,3
22,14,223.847946166992,230.34944152832,73.1381225585938,37.3341369628906,12.154369354248,3,3
22,4,151.025238037109,30.1414222717285,79.2096710205078,63.5244178771973,14.833869934082,4,0
22,6,202.494857788086,42.9906425476074,84.4248504638672,52.3378219604492,13.195987701416,6,0
22,7,299.009887695313,64.1362838745117,62.0489654541016,36.9767913818359,12.392840385437,7,0
22,8,261.654876708984,50.4905014038086,75.150390625,74.177978515625,12.6792869567871,8,0
22,9,345.582946777344,155.149444580078,70.3727569580078,48.7170677185059,19.9013004302979,9,0
22,10,317.287689208984,174.326522827148,80.0941314697266,41.4095001220703,13.396035194397,10,0
22,11,232.581420898438,248.881896972656,-57.894775390625,41.2724533081055,13.767783164978,11,0
23,13,-32.8720970153809,140.958969116211,-59.0905303955078,47.6820487976074,13.2552061080933,1,1
23,12,-37.7420120239258,172.902709960938,-61.5135345458984,44.906867980957,13.3787832260132,1,1
23,2,186.109512329102,98.4833908081055,62.0387115478516,39.3164253234863,12.9094753265381,2,0
23,15,121.306076049805,293.343109130859,-89.6382293701172,30.0656795501709,13.6579618453979,3,3
23,14,225.661148071289,228.690536499023,72.7272644042969,38.19189453125,12.05251121521,3,3
23,4,151.400192260742,35.6723899841309,81.3388214111328,61.816047668457,15.6649913787842,4,0
23,6,202.043746948242,43.8938102722168,84.6487579345703,51.7648696899414,13.2107334136963,6,0
23,7,298.181945800781,68.5957717895508,62.9083557128906,37.0280723571777,12.4465198516846,7,0
23,8,261.720550537109,51.5039672851563,75.2891235351563,72.1170196533203,13.0315780639648,8,0
23,9,346.275604248047,153.322326660156,70.0781555175781,48.0426330566406,19.5415649414063,9,0
23,10,316.771728515625,174.884307861328,80.1863250732422,41.164421081543,13.4405670166016,10,0
23,11,231.10578918457,250.340347290039,-57.5558776855469,41.1344413757324,13.7601633071899,11,0
24,13,-34.3620452880859,140.324493408203,-58.4914093017578,47.5822334289551,13.2587509155273,1,1
24,12,-39.1471519470215,172.784805297852,-61.0593414306641,45.5594024658203,13.3959512710571,1,1
24,2,185.780853271484,99.2003555297852,62.1788482666016,40.4031105041504,12.8939971923828,2,0
24,15,122.005172729492,293.024627685547,-89.8179626464844,30.3510913848877,13.6252489089966,3,3
24,14,226.521301269531,227.794326782227,72.5118408203125,38.5247993469238,11.9524660110474,3,3
24,4,151.309219360352,38.9100875854492,82.5834350585938,60.5590972900391,16.3256969451904,4,0
24,6,202.269027709961,43.0127754211426,84.4029693603516,54.4677047729492,13.0363683700562,6,0
24,7,298.199035644531,69.6578521728516,63.1154174804688,38.0683937072754,12.4216222763062,7,0
24,8,262.277282714844,49.1844902038574,74.7435913085938,73.2157211303711,13.0619497299194,8,0
24,9,344.839508056641,155.549865722656,70.4199981689453,47.5494613647461,19.4178085327148,9,0
24,10,316.855621337891,174.392166137695,80.0906066894531,42.4184532165527,13.4229135513306,10,0
24,11,228.441207885742,252.353851318359,-57.0860137939453,42.1914672851563,13.7286052703857,11,0
25,13,-36.8974380493164,139.741241455078,-57.4758148193359,48.8215370178223,13.1865930557251,1,1
25,12,-38.4875183105469,172.890258789063,-61.2509613037109,46.6660537719727,13.4358386993408,1,1
25,2,186.036834716797,99.2988204956055,62.19287109375,40.1829032897949,12.8336687088013,2,0
25,15,121.014358520508,293.536834716797,-89.6510620117188,30.4196586608887,13.6500492095947,3,3
25,14,227.884078979492,226.510925292969,72.1938018798828,39.2197341918945,11.741602897644,3,3
25,4,150.940475463867,39.4488525390625,82.7890319824219,61.0946083068848,16.6040096282959,4,0
25,6,202.420654296875,43.2441139221191,84.4362030029297,54.2016372680664,12.9885053634644,6,0
25,7,297.477752685547,74.9825668334961,64.1410980224609,38.3955764770508,12.4086532592773,7,0
25,8,262.389556884766,49.0731658935547,74.6978302001953,73.0355377197266,13.0588626861572,8,0
25,9,343.682830810547,157.743453979492,70.7681274414063,46.7145652770996,19.339262008667,9,0
25,10,316.791870117188,174.81298828125,80.1626586914063,42.2073783874512,13.4442586898804,10,0
25,11,231.094818115234,249.892379760742,-57.6878509521484,41.9869003295898,13.7114143371582,11,0
26,13,-37.0649299621582,139.377182006836,-57.3976898193359,51.3351058959961,12.5968179702759,1,1
26,12,-38.8423919677734,173.434631347656,-61.1676788330078,48.3607139587402,12.9178333282471,1,1
26,2,185.116012573242,99.8399887084961,62.4937744140625,41.5449981689453,12.7574148178101,2,0
26,15,119.792465209961,293.751983642578,-89.4637145996094,31.048318862915,13.4489135742188,3,3
26,14,230.923980712891,223.361236572266,71.3735198974609,40.0781631469727,12.14075756073,3,3
26,4,151.078033447266,39.715087890625,83.0051422119141,61.7509727478027,17.2405109405518,4,0
26,6,202.410232543945,42.8088836669922,84.3408966064453,55.3956260681152,13.0142230987549,6,0
26,7,297.174133300781,75.8239974975586,64.3070831298828,39.7063102722168,12.1829051971436,7,0
26,8,262.618041992188,46.8143348693848,74.3411407470703,73.1061706542969,13.1154975891113,8,0
26,9,343.818145751953,156.944808959961,70.6385040283203,46.2370262145996,19.1581497192383,9,0
26,10,316.058837890625,175.482330322266,80.2908172607422,43.4323081970215,13.2622499465942,10,0
26,11,229.859802246094,251.082565307617,-57.3934326171875,42.6548538208008,13.628945350647,11,0
27,13,-36.6221084594727,139.696838378906,-57.5489807128906,52.9578399658203,12.5207710266113,1,1
27,12,-39.9979667663574,173.112777709961,-60.7536010742188,48.9562377929688,12.9472370147705,1,1
27,2,183.070358276367,103.324920654297,63.6461181640625,41.4880027770996,12.8100214004517,2,0
27,15,121.118202209473,293.167846679688,-89.7118530273438,31.7238025665283,13.5477161407471,3,3
27,14,232.727844238281,221.733520507813,70.968017578125,40.9172973632813,12.136251449585,3,3
27,4,150.422073364258,40.0789489746094,83.2293090820313,60.976390838623,17.734935760498,4,0
27,6,202.233551025391,44.6334381103516,84.8049468994141,56.8411674499512,13.0002021789551,6,0
27,7,296.953308105469,78.0242538452148,64.7226257324219,39.5464363098145,12.2590265274048,7,0
27,8,262.928833007813,44.9637832641602,73.99951171875,72.485595703125,13.2678709030151,8,0
27,9,344.091827392578,155.386001586914,70.3791656494141,45.8321876525879,18.9144611358643,9,0
27,10,316.761199951172,174.524887084961,80.1161041259766,44.3433952331543,13.2562646865845,10,0
27,11,228.534637451172,251.940277099609,-57.1712036132813,43.81787109375,13.6004095077515,11,0
28,13,-36.3184013366699,139.872406005859,-57.63623046875,53.756233215332,12.5905857086182,1,1
28,12,-39.2743644714355,173.333053588867,-61.0109558105469,50.6976776123047,12.9638175964355,1,1
28,2,184.132369995117,101.417877197266,63.0438842773438,42.3625144958496,12.8468294143677,2,0
28,15,118.456924438477,294.079986572266,-89.2343597412109,32.3177299499512,13.463849067688,3,3
28,14,233.247131347656,221.048110961914,70.8094482421875,41.5189895629883,12.0437364578247,3,3
28,4,150.552612304688,42.3664245605469,84.18115234375,60.3256072998047,18.6513290405273,4,0
28,6,201.67546081543,47.400520324707,85.5463409423828,58.0872459411621,12.9904165267944,6,0
28,7,297.174072265625,78.5669784545898,64.8390502929688,40.802604675293,12.2715253829956,7,0
28,8,263.423156738281,42.7741584777832,73.5962829589844,73.4722900390625,13.4155740737915,8,0
28,9,343.515991210938,156.041809082031,70.4676818847656,45.309886932373,18.8681221008301,9,0
28,10,316.210113525391,175.12727355957,80.2297515869141,45.4875907897949,13.319785118103,10,0
28,11,228.127151489258,252.472274780273,-57.0385437011719,43.5603218078613,13.6970481872559,11,0
29,13,-37.224910736084,140.307556152344,-57.2285461425781,54.9785346984863,12.5174245834351,1,1
29,12,-39.3419647216797,173.628524780273,-60.950439453125,51.5947761535645,12.9474325180054,1,1
29,2,183.3828125,102.613433837891,63.4951324462891,42.2523040771484,12.8878946304321,2,0
29,15,119.373435974121,294.008392333984,-89.3679962158203,32.8379669189453,13.5580425262451,3,3
29,14,235.456954956055,219.168395996094,70.3533782958984,42.9276390075684,11.9754257202148,3,3
29,4,150.341232299805,44.1223907470703,84.8985900878906,60.750846862793,18.9836139678955,4,0
29,6,200.934799194336,51.6251220703125,86.6771087646484,56.8176689147949,13.132776260376,6,0
29,7,297.031799316406,80.556999206543,65.2323303222656,40.6808891296387,12.3185615539551,7,0
29,8,263.199676513672,43.77880859375,73.8217163085938,73.5992965698242,13.5175800323486,8,0
29,9,342.437316894531,157.750747680664,70.7481231689453,45.1144599914551,18.4903392791748,9,0
29,10,315.590179443359,176.047409057617,80.3949432373047,45.4224739074707,13.3886833190918,10,0
29,11,229.202377319336,251.353363037109,-57.3147125244141,44.2097282409668,13.6986522674561,11,0
30,13,-37.3325080871582,142.008010864258,-57.2405242919922,56.8297119140625,12.5840349197388,1,1
30,12,-40.5843086242676,173.608520507813,-60.5085601806641,52.9294090270996,12.8858594894409,1,1
30,2,182.438400268555,104.214195251465,63.9853210449219,43.0364952087402,12.8815097808838,2,0
30,15,121.312637329102,293.044860839844,-89.7853851318359,32.8791160583496,13.5066289901733,3,3
30,14,235.245223999023,219.537445068359,70.4363708496094,42.7764129638672,12.1294136047363,3,3
30,4,150.616424560547,45.4756317138672,85.4516296386719,62.0695266723633,19.0225238800049,4,0
30,6,200.115768432617,54.6554527282715,87.4836730957031,56.8371849060059,13.4719314575195,6,0
30,7,296.672180175781,83.1636123657227,65.74951171875,41.4724617004395,12.2955722808838,7,0
30,8,263.563629150391,42.6028213500977,73.5195159912109,73.7473297119141,13.608624458313,8,0
30,9,341.792388916016,157.835083007813,70.7579040527344,44.953784942627,18.3350563049316,9,0
30,10,315.015319824219,177.220565795898,80.5999145507813,46.650691986084,13.3480558395386,10,0
30,11,227.363235473633,252.98291015625,-56.93359375,44.2003555297852,13.7338304519653,11,0
31,13,-37.4283599853516,143.48811340332,-57.20703125,57.5195007324219,12.5333232879639,1,1
31,12,-40.39697265625,174.100051879883,-60.6042785644531,53.5914459228516,12.813835144043,1,1
31,2,182.396148681641,104.341827392578,64.0260620117188,43.774715423584,12.8841886520386,2,0
31,15,123.490753173828,292.108001708984,89.8074493408203,33.7768211364746,13.5203533172607,3,3
31,14,236.842819213867,217.982498168945,70.0843048095703,44.5153007507324,11.9054727554321,3,3
31,4,150.327880859375,46.8473052978516,85.98291015625,63.4003028869629,18.7848606109619,4,0
31,6,199.429107666016,55.9015617370605,87.7785797119141,57.144905090332,13.828013420105,6,0
31,7,296.022735595703,85.1815795898438,66.14453125,41.4573249816895,12.3496875762939,7,0
31,8,263.797760009766,41.2650260925293,73.32421875,74.2304611206055,13.7067127227783,8,0
31,9,340.385589599609,160.047332763672,71.10205078125,44.0180435180664,18.1343593597412,9,0
31,10,314.673645019531,177.74772644043,80.7015228271484,47.2280006408691,13.3668394088745,10,0
31,11,226.243255615234,253.900817871094,-56.7235717773438,45.3159332275391,13.6866292953491,11,0
32,13,-37.9280242919922,144.765899658203,-57.0395050048828,59.7280006408691,12.4581737518311,1,1
32,12,-38.1888427734375,174.773712158203,-61.3457183837891,54.9047698974609,12.6216459274292,1,1
32,2,180.968063354492,106.371513366699,64.7707214355469,43.7344856262207,12.8483610153198,2,0
32,15,123.913551330566,292.148773193359,89.7304229736328,34.5831108093262,13.4304428100586,3,3
32,14,238.030395507813,216.893508911133,69.7973937988281,44.783317565918,11.8359069824219,3,3
32,4,150.314834594727,48.7384376525879,86.728515625,62.7523727416992,19.1436462402344,4,0
32,6,198.945343017578,57.211296081543,88.1399688720703,57.2891693115234,13.8209972381592,6,0
32,7,295.420257568359,88.036750793457,66.7029876708984,42.6355056762695,12.2413721084595,7,0
32,8,264.064636230469,38.9839134216309,72.8976745605469,73.7067413330078,13.8451929092407,8,0
32,9,337.206939697266,165.257339477539,71.9408721923828,43.2773284912109,17.9430084228516,9,0
32,10,314.611389160156,177.821273803711,80.7008819580078,47.6586036682129,13.304666519165,10,0
32,11,227.749984741211,252.183883666992,-57.1385955810547,46.3022155761719,13.5917043685913,11,0
33,13,-38.2010765075684,145.739837646484,-56.9080657958984,62.1108474731445,12.2957410812378,1,1
33,12,-38.0571823120117,175.421234130859,-61.3720550537109,56.5514335632324,12.481632232666,1,1
33,2,179.531066894531,108.437995910645,65.4704895019531,44.8898124694824,12.7719831466675,2,0
33,15,122.834701538086,292.552551269531,89.9198455810547,34.839485168457,13.401050567627,3,3
33,14,239.127227783203,216.200775146484,69.6239318847656,46.2420082092285,11.6929883956909,3,3
33,4,150.34049987793,48.290943145752,86.5824127197266,63.539852142334,19.5000019073486,4,0
33,6,198.835311889648,57.786434173584,88.2765960693359,57.6831283569336,13.9825239181519,6,0
33,7,293.194946289063,96.6999740600586,68.4292755126953,43.580810546875,12.2408847808838,7,0
33,8,264.597015380859,36.0844650268555,72.3387908935547,72.1207809448242,14.2060546875,8,0
33,9,336.909912109375,165.421600341797,71.9689331054688,42.4603996276855,17.8049392700195,9,0
33,10,315.416900634766,176.036209106445,80.3876342773438,48.9991226196289,13.2183294296265,10,0
33,11,228.499114990234,251.699676513672,-57.2937927246094,46.8476982116699,13.5410261154175,11,0
34,13,-38.3227958679199,146.044067382813,-56.8453063964844,62.6161689758301,12.0991859436035,1,1
34,12,-38.2619400024414,175.402420043945,-61.2843475341797,58.8287467956543,12.2865762710571,1,1
34,2,179.198974609375,108.704635620117,65.6425323486328,45.9769821166992,12.6700782775879,2,0
34,15,126.963302612305,290.8232421875,89.1154937744141,35.3281860351563,13.2841100692749,3,3
34,14,238.321640014648,217.130355834961,69.8356781005859,46.3604354858398,11.6923885345459,3,3
34,4,150.293182373047,49.511157989502,87.0908355712891,63.1697082519531,19.8030757904053,4,0
34,6,198.773666381836,57.4697685241699,88.1669311523438,57.2295761108398,14.1264142990112,6,0
34,7,291.179473876953,103.401794433594,69.7670593261719,43.2897071838379,12.2395153045654,7,0
34,8,264.630889892578,36.6187858581543,72.4717102050781,71.4476699829102,14.3594646453857,8,0
34,9,334.423248291016,168.944717407227,72.5472412109375,41.6140747070313,17.5855026245117,9,0
34,10,315.404327392578,176.085952758789,80.3984680175781,50.3186569213867,13.1019954681396,10,0
34,11,226.098495483398,253.678283691406,-56.768310546875,47.0637283325195,13.4464559555054,11,0
35,13,-38.687614440918,145.57551574707,-56.6387329101563,65.5217895507813,12.2486600875854,1,1
35,12,-39.3349342346191,175.171447753906,-60.9149475097656,58.6181106567383,12.6850118637085,1,1
35,2,178.24365234375,110.335975646973,66.1378173828125,45.5789184570313,12.8500232696533,2,0
35,15,133.043899536133,288.244140625,87.9838256835938,34.9401168823242,13.311203956604,3,3
35,14,238.828536987305,217.19482421875,69.8799285888672,46.7957229614258,11.677074432373,3,3
35,4,150.210113525391,49.8197898864746,87.1895446777344,63.5396690368652,20.2001285552979,4,0
35,6,199.37223815918,58.4681549072266,88.3798370361328,56.8583869934082,14.0978660583496,6,0
35,7,289.899017333984,107.679565429688,70.6208190917969,44.4485359191895,12.4043216705322,7,0
35,8,264.993255615234,34.0938835144043,71.8880920410156,71.3171234130859,14.6104335784912,8,0
35,9,331.125701904297,173.857757568359,73.3752288818359,40.4840240478516,17.3984813690186,9,0
35,10,314.878204345703,177.297607421875,80.6160736083984,50.3323020935059,13.3659019470215,10,0
35,11,228.906341552734,250.936935424805,-57.47705078125,47.1761665344238,13.5997314453125,11,0
36,13,-38.2620391845703,146.561950683594,-56.8269653320313,66.1495590209961,12.3353700637817,1,1
36,12,-39.6660575866699,175.265045166016,-60.7756652832031,60.4311714172363,12.6110048294067,1,1
36,2,176.075897216797,112.912590026855,67.1431121826172,46.090217590332,12.915470123291,2,0
36,15,138.094329833984,285.767486572266,86.9535217285156,35.5006790161133,13.3164529800415,3,3
36,14,238.609649658203,217.95378112793,70.0281524658203,47.7179336547852,11.764063835144,3,3
36,4,150.225997924805,50.5264015197754,87.5013427734375,64.226448059082,20.7007465362549,4,0
36,6,197.999282836914,61.1355209350586,89.1244659423828,56.7474632263184,14.3386096954346,6,0
36,7,286.527252197266,117.74284362793,72.6693115234375,43.5878219604492,12.5539922714233,7,0
36,8,265.141265869141,33.670654296875,71.8188018798828,71.8345947265625,14.7748174667358,8,0
36,9,330.626251220703,174.383544921875,73.4210357666016,39.5512542724609,17.2881603240967,9,0
36,10,315.089233398438,176.694931030273,80.5029144287109,52.3334350585938,13.3349990844727,10,0
36,11,228.844879150391,250.987655639648,-57.4673309326172,47.8457794189453,13.6527462005615,11,0
37,13,-37.6198806762695,146.6328125,-56.9960021972656,68.5021286010742,11.9658050537109,1,1
37,12,-40.6699600219727,175.201309204102,-60.4372863769531,60.9982757568359,12.492166519165,1,1
37,2,175.36848449707,113.653701782227,67.4565887451172,47.4049072265625,12.850622177124,2,0
37,15,139.226181030273,285.311737060547,86.7577209472656,36.6231803894043,13.1856594085693,3,3
37,14,239.708572387695,217.139526367188,69.8257141113281,48.6883430480957,11.6642904281616,3,3
37,4,150.019058227539,52.0506362915039,88.1980285644531,64.1694717407227,21.3052997589111,4,0
37,6,197.50244140625,61.8159675598145,89.3184967041016,56.9719657897949,14.393159866333,6,0
37,7,283.697998046875,125.542434692383,74.2852325439453,45.2539672851563,12.4497756958008,7,0
37,8,265.329010009766,31.7180500030518,71.4525909423828,71.3954620361328,14.9909629821777,8,0
37,9,325.613098144531,182.197799682617,74.7409515380859,39.0312843322754,16.8254261016846,9,0
37,10,315.42578125,176.374603271484,80.4449920654297,53.2051010131836,13.3435411453247,10,0
37,11,230.960998535156,248.794281005859,-57.9996185302734,48.7315330505371,13.6300477981567,11,0
38,13,-36.0924377441406,147.564544677734,-57.6097412109375,71.4005737304688,11.8503103256226,1,1
38,12,-41.665283203125,175.22380065918,-60.0756683349609,65.3415832519531,12.2820425033569,1,1
38,2,173.9873046875,115.350730895996,68.1221160888672,48.805118560791,12.7496376037598,2,0
38,15,135.742858886719,286.975311279297,87.4231872558594,37.1360054016113,13.1273984909058,3,3
38,14,241.129364013672,216.269653320313,69.6006469726563,50.1154022216797,11.6194477081299,3,3
38,4,150.092834472656,51.7721214294434,88.1635894775391,64.2242889404297,22.0029106140137,4,0
38,6,196.859008789063,63.7487449645996,89.8558502197266,57.0868911743164,14.4058227539063,6,0
38,7,280.114776611328,133.689056396484,75.9648132324219,45.1212844848633,12.4764308929443,7,0
38,8,265.507415771484,30.8824272155762,71.2888488769531,70.3995590209961,15.2488861083984,8,0
38,9,313.072662353516,201.409439086914,78.0708923339844,38.5449028015137,16.7522678375244,9,0
38,10,315.512847900391,176.544906616211,80.4687957763672,54.024974822998,13.2380409240723,10,0
38,11,231.124954223633,248.336654663086,-58.0860748291016,48.9429702758789,13.5885705947876,11,0
39,13,-36.7364959716797,147.662948608398,-57.3865356445313,73.3321838378906,11.8077402114868,1,1
39,12,-41.9039497375488,175.081497192383,-59.9736328125,66.3956527709961,12.3152914047241,1,1
39,2,173.141372680664,116.335517883301,68.5192260742188,48.0801544189453,12.8423757553101,2,0
39,15,136.064743041992,286.825592041016,87.3567199707031,37.4165649414063,13.161808013916,3,3
39,14,242.725570678711,214.999771118164,69.302734375,50.0243110656738,11.7777872085571,3,3
39,4,150.070449829102,53.6183547973633,88.9429473876953,63.6517753601074,22.7339973449707,4,0
39,6,196.901336669922,63.3830718994141,89.7448425292969,57.3862075805664,14.3702630996704,6,0
39,7,277.96875,139.312133789063,77.1309509277344,46.2189407348633,12.4920301437378,7,0
39,8,265.58935546875,29.8682022094727,71.0794219970703,69.7442626953125,15.5641555786133,8,0
39,9,305.694946289063,211.364730834961,79.8441619873047,39.1982498168945,16.5015125274658,9,0
39,10,315.800415039063,175.796798706055,80.3257751464844,55.7750434875488,13.1617803573608,10,0
39,11,229.646301269531,249.668350219727,-57.7967834472656,49.7966232299805,13.5760412216187,11,0
40,13,-37.0985908508301,148.08869934082,-57.3037109375,75.9525833129883,11.7838745117188,1,1
40,12,-41.3249893188477,175.270065307617,-60.1603088378906,68.174201965332,12.1847047805786,1,1
40,2,172.738357543945,116.628196716309,68.6896667480469,49.2587203979492,12.7443618774414,2,0
40,15,132.938049316406,288.292205810547,87.9722595214844,38.5994873046875,13.0680522918701,3,3
40,14,244.694671630859,213.270797729492,68.8862609863281,52.4641914367676,11.6847190856934,3,3
40,4,150.123397827148,53.6714019775391,89.0904541015625,64.2940063476563,23.4848365783691,4,0
40,6,196.28239440918,64.3557739257813,-90,57.3866500854492,14.4796314239502,6,0
40,7,275.048736572266,146.233123779297,78.5655822753906,47.3159942626953,12.4242668151855,7,0
40,8,265.722900390625,29.6871395111084,71.0140075683594,69.9715042114258,15.6973342895508,8,0
40,9,307.407287597656,210.326644897461,79.5957489013672,42.6631469726563,16.499231338501,9,0
40,10,315.265411376953,176.745727539063,80.4819030761719,56.0599250793457,13.0559635162354,10,0
40,11,231.72526550293,247.128448486328,-58.3995971679688,50.4920043945313,13.5408802032471,11,0
41,13,-36.597541809082,148.67236328125,-57.4898681640625,78.2658462524414,11.830943107605,1,1
41,12,-41.1642951965332,175.354446411133,-60.1712646484375,70.1066665649414,12.2018804550171,1,1
41,2,172.747268676758,116.464706420898,68.7113189697266,49.679069519043,12.7812528610229,2,0
41,15,139.484344482422,285.316101074219,86.6727294921875,38.6977005004883,13.1596488952637,3,3
41,14,245.965545654297,211.944763183594,68.5758056640625,51.9929008483887,11.7860860824585,3,3
41,4,150.222640991211,54.4968948364258,89.4601898193359,64.5329360961914,24.1128044128418,4,0
41,6,196.039764404297,64.8420791625977,-89.8931427001953,57.8309364318848,14.7002868652344,6,0
41,7,272.278594970703,151.892578125,79.7714538574219,46.6390762329102,12.5071620941162,7,0
41,8,265.8896484375,28.9476337432861,70.8597564697266,70.0205688476563,15.8633975982666,8,0
41,9,307.080810546875,210.120819091797,79.5432586669922,42.3908538818359,16.3384780883789,9,0
41,10,317.371124267578,173.053344726563,79.826904296875,57.9624176025391,12.9559144973755,10,0
41,11,233.493362426758,245.369094848633,-58.8462677001953,51.2160339355469,13.5731086730957,11,0
42,13,-35.9199676513672,149.644226074219,-57.7528076171875,75.8728408813477,12.0360307693481,1,1
42,12,-40.3930892944336,174.978561401367,-60.3801879882813,69.6131362915039,12.2506256103516,1,1
42,2,172.332626342773,116.878646850586,68.8888244628906,51.9419898986816,12.6601686477661,2,0
42,15,138.660919189453,285.716217041016,86.8322906494141,39.5493278503418,13.1481695175171,3,3
42,14,246.891510009766,211.604400634766,68.4752502441406,52.8015441894531,11.9022054672241,3,3
42,4,150.327529907227,54.9707107543945,89.7994079589844,65.1562728881836,25.0448169708252,4,0
42,6,195.675445556641,65.232307434082,-89.7829132080078,57.6690940856934,15.1032438278198,6,0
42,7,273.190673828125,150.296920776367,79.4495086669922,47.624568939209,12.5175046920776,7,0
42,8,266.161010742188,27.1823215484619,70.4545135498047,69.3350067138672,16.1350746154785,8,0
42,9,307.3232421875,208.81706237793,79.2755432128906,42.3725471496582,16.1245613098145,9,0
42,10,318.109466552734,171.364120483398,79.5323181152344,58.6088676452637,13.0884065628052,10,0
42,11,232.409622192383,246.140594482422,-58.6575012207031,52.7094345092773,13.5389394760132,11,0
43,19,-44.3361282348633,133.715774536133,-54.1244049072266,34.2411994934082,12.205997467041,1,13
43,18,-13.7226009368896,170.649459838867,-65.2550811767578,34.205867767334,11.0828905105591,1,13
43,12,-40.7847137451172,174.763397216797,-60.2562713623047,71.5041656494141,12.2875156402588,1,1
43,2,171.448822021484,118.12816619873,69.3442535400391,52.0951271057129,12.7321577072144,2,0
43,15,137.698165893555,286.254241943359,87.0449371337891,39.6565818786621,13.181978225708,3,3
43,14,246.908920288086,211.643264770508,68.5106201171875,52.9102516174316,11.8025360107422,3,3
43,4,149.983703613281,54.5976448059082,89.7854156494141,65.1598968505859,26.0196743011475,4,0
43,6,195.219711303711,66.5373458862305,-89.417236328125,57.2680168151855,15.5564050674438,6,0
43,7,274.642852783203,148.146667480469,79.0269470214844,48.3814926147461,12.5893774032593,7,0
43,8,266.121978759766,26.9079208374023,70.4384918212891,68.8555374145508,16.4034061431885,8,0
43,9,309.547302246094,206.143646240234,78.7492218017578,42.7589111328125,16.2335300445557,9,0
43,10,319.865386962891,166.88298034668,78.7855529785156,51.6805953979492,14.5235242843628,10,0
43,11,232.506683349609,245.777908325195,-58.7303771972656,52.7936897277832,13.5845766067505,11,0
44,19,-43.2817649841309,134.061553955078,-54.6190948486328,34.9281883239746,12.3140649795532,1,13
44,18,-13.2467050552368,171.095840454102,-65.4245147705078,34.6921501159668,11.1682014465332,1,13
44,12,-39.9461364746094,174.506500244141,-60.5275421142578,72.6473159790039,12.3312797546387,1,1
44,2,170.632843017578,118.964378356934,69.6660766601563,53.6423873901367,12.682788848877,2,0
44,15,139.8525390625,285.211364746094,86.6031494140625,40.5289192199707,13.1589221954346,3,3
44,14,246.646682739258,212.399032592773,68.6751861572266,54.3206939697266,11.9240741729736,3,3
44,4,149.815155029297,55.7536811828613,-89.6497497558594,65.0579833984375,27.0931568145752,4,0
44,6,194.635955810547,67.258659362793,-89.2270965576172,57.0003318786621,16.1036071777344,6,0
44,7,275.296905517578,147.109008789063,78.8096771240234,48.8230514526367,12.7467451095581,7,0
44,8,266.212982177734,26.7350578308105,70.3332824707031,67.889533996582,16.695125579834,8,0
44,9,310.141540527344,205.635543823242,78.6438293457031,44.7883758544922,16.0432891845703,9,0
44,10,318.601623535156,168.191635131836,79.043701171875,46.4455604553223,15.4692611694336,10,0
44,11,233.599014282227,244.440719604492,-59.0498809814453,54.0263710021973,13.5400514602661,11,0
45,19,-44.0996704101563,133.689910888672,-54.2621459960938,36.1957359313965,12.3579788208008,1,13
45,18,-12.5711965560913,171.431274414063,-65.6069488525391,35.0571632385254,11.0873718261719,1,13
45,12,-40.0185394287109,174.984848022461,-60.5051879882813,73.9806213378906,12.4060049057007,1,1
45,2,169.050933837891,120.857215881348,70.3892364501953,52.4643402099609,12.8351907730103,2,0
45,15,142.882339477539,283.699096679688,85.9718933105469,41.1225929260254,13.0364418029785,3,3
45,14,246.364547729492,212.708770751953,68.7684631347656,54.2716941833496,11.984787940979,3,3
45,4,149.500076293945,57.9521789550781,-88.7050476074219,65.5649948120117,27.5020523071289,4,0
45,6,194.38459777832,67.859748840332,-89.0638580322266,57.2465744018555,16.3288059234619,6,0
45,7,275.322174072266,147.331939697266,78.8421325683594,48.1122283935547,13.1345806121826,7,0
45,8,266.331176757813,26.3477878570557,70.2281799316406,67.1252975463867,16.87038230896,8,0
45,9,311.1044921875,202.901824951172,78.1542510986328,42.8845596313477,15.9698076248169,9,0
45,10,315.390472412109,172.31266784668,79.8515625,41.3044662475586,15.3266935348511,10,0
45,11,235.632766723633,242.35856628418,-59.5630798339844,54.4557762145996,13.5955181121826,11,0
46,19,-49.7829513549805,131.908615112305,-51.8339233398438,37.1966323852539,12.5049285888672,1,13
46,18,-11.9692192077637,172.127029418945,-65.8215637207031,35.5557174682617,11.1669826507568,1,13
46,12,-38.8250465393066,174.665069580078,-60.9152069091797,74.3355255126953,12.4748945236206,1,1
46,2,168.07829284668,121.564002990723,70.8395080566406,54.0125274658203,12.8355436325073,2,0
46,15,146.466171264648,282.211700439453,85.3335113525391,43.0112075805664,12.9815082550049,3,3
46,14,246.556900024414,212.838912963867,68.8254699707031,56.2901420593262,11.9137201309204,3,3
46,4,149.160583496094,59.6180152893066,-87.8995361328125,66.4203720092773,28.3336582183838,4,0
46,6,193.775161743164,69.3918685913086,-88.6617736816406,57.2925682067871,16.7497959136963,6,0
46,7,273.223754882813,150.987014770508,79.6339416503906,46.007884979248,13.9878597259521,7,0
46,8,266.471862792969,26.1020545959473,70.1484222412109,66.9195785522461,17.018871307373,8,0
46,9,312.818511962891,200.893737792969,77.7579956054688,44.2325210571289,16.2574653625488,9,0
46,10,314.115356445313,174.389709472656,80.2693328857422,37.624340057373,18.0571098327637,10,0
46,11,234.184936523438,243.473815917969,-59.3043060302734,55.1624908447266,13.6327419281006,11,0
47,19,-51.1615905761719,131.443542480469,-51.1595153808594,37.1822624206543,12.5578193664551,1,13
47,18,-13.0991344451904,172.866333007813,-65.4642791748047,35.9066543579102,11.309458732605,1,13
47,12,-38.846549987793,173.810791015625,-60.8982696533203,73.7991485595703,12.4919843673706,1,1
47,2,167.611694335938,122.065330505371,71.055419921875,56.4159851074219,12.7467126846313,2,0
47,15,145.377197265625,282.84912109375,85.5858306884766,43.4293479919434,12.982084274292,3,3
47,14,246.337890625,213.232513427734,68.9276123046875,56.8006706237793,11.8730297088623,3,3
47,4,148.937973022461,60.688850402832,-87.3277130126953,66.5367431640625,29.4176864624023,4,0
47,6,193.223175048828,70.5517349243164,-88.3693237304688,56.9983749389648,17.3455657958984,6,0
47,7,270.446746826172,155.837875366211,80.6744232177734,44.9854888916016,14.6575260162354,7,0
47,8,266.479827880859,25.2864151000977,70.0838012695313,66.7735595703125,17.0966663360596,8,0
47,9,317.39697265625,196.074142456055,76.8294830322266,47.6296844482422,15.9122610092163,9,0
47,10,316.215423583984,170.845123291016,79.6190948486328,36.7619285583496,18.9392414093018,10,0
47,11,234.471771240234,243.053771972656,-59.3927307128906,56.1141204833984,13.5805730819702,11,0
48,19,-51.9921073913574,131.1806640625,-50.6910552978516,38.0765266418457,12.5597410202026,1,13
48,18,-15.986536026001,173.206497192383,-64.4920806884766,36.3230857849121,11.2134056091309,1,13
48,12,-39.1555595397949,173.334762573242,-60.7994842529297,73.909912109375,12.5682649612427,1,1
48,2,166.773956298828,122.683662414551,71.4325256347656,56.6105194091797,12.7942399978638,2,0
48,15,145.759628295898,282.678894042969,85.5165252685547,45.1781921386719,12.8905725479126,3,3
48,14,246.314422607422,213.533767700195,69.0148773193359,57.0146141052246,11.9189767837524,3,3
48,4,148.750930786133,61.9311599731445,-86.7711791992188,67.0867614746094,29.9195594787598,4,0
48,6,192.998504638672,70.957160949707,-88.2933807373047,57.3113098144531,17.6182918548584,6,0
48,7,269.179077148438,158.423004150391,81.2379455566406,45.0923919677734,14.8751211166382,7,0
48,8,266.365600585938,27.2774925231934,70.4219207763672,66.8346862792969,17.0695285797119,8,0
48,9,319.060699462891,193.202545166016,76.2857818603516,48.9799690246582,15.7918272018433,9,0
48,10,317.336944580078,168.885391235352,79.2642364501953,36.5647430419922,19.4277515411377,10,0
48,11,235.103561401367,242.106048583984,-59.620849609375,57.4101676940918,13.532883644104,11,0
49,19,-50.6697044372559,131.702865600586,-51.2331237792969,38.0017471313477,12.6330785751343,1,13
49,18,-21.0128784179688,173.083801269531,-62.8541564941406,37.0350952148438,11.1968555450439,1,13
49,12,-39.1761817932129,172.060531616211,-60.8130493164063,74.9489898681641,12.6902494430542,1,1
49,2,165.933731079102,123.412155151367,71.740966796875,55.5754051208496,12.9341402053833,2,0
49,15,149.923812866211,280.679077148438,84.7359161376953,46.4876899719238,12.8460988998413,3,3
49,14,247.263214111328,213.236343383789,68.9486389160156,58.5886383056641,11.9343175888062,3,3
49,4,148.548400878906,62.5603942871094,-86.3608093261719,67.7464294433594,30.9559116363525,4,0
49,6,192.978210449219,70.9666748046875,-88.321044921875,57.2880058288574,17.7742404937744,6,0
49,7,268.905242919922,159.461013793945,81.4570159912109,45.4082298278809,15.0013189315796,7,0
49,8,266.584045410156,24.4253768920898,69.7550659179688,67.0643920898438,17.1868915557861,8,0
49,9,320.068389892578,191.217330932617,75.9352111816406,48.4859390258789,16.1448993682861,9,0
49,10,319.14111328125,165.454147338867,78.6346893310547,36.5454559326172,19.7658977508545,10,0
49,11,235.43212890625,241.6767578125,-59.72509765625,58.0417060852051,13.5703563690186,11,0
50,19,-50.3990516662598,131.615371704102,-51.318603515625,39.3675880432129,12.2412672042847,1,13
50,18,-23.1012992858887,173.776153564453,-62.2750244140625,38.0488090515137,11.3233118057251,1,13
50,21,-60.6744613647461,181.170227050781,-54.1861724853516,37.8602638244629,11.9033260345459,1,12
50,20,-28.1574172973633,157.520690917969,-64.8328857421875,32.1030426025391,11.8789110183716,1,12
50,2,163.738143920898,125.645973205566,72.6690063476563,57.1829376220703,12.8340530395508,2,0
50,15,151.376449584961,279.676391601563,84.3828887939453,47.5295372009277,12.6896696090698,3,3
50,14,246.457138061523,214.337203979492,69.2046966552734,60.028190612793,11.7769403457642,3,3
50,23,146.323272705078,-4.51019048690796,64.9347076416016,54.4584617614746,14.0484609603882,4,4
50,22,124.835090637207,132.005752563477,-60.9590301513672,46.4379234313965,12.2376356124878,4,4
50,6,192.139541625977,72.5478515625,-87.8614501953125,57.2539138793945,18.0518569946289,6,0
50,7,267.121459960938,162.475708007813,82.1304016113281,45.0091323852539,15.2610530853271,7,0
50,8,266.57080078125,24.4407157897949,69.8078002929688,67.4714965820313,17.2681922912598,8,0
50,9,320.0146484375,190.301452636719,75.7618103027344,46.6792449951172,16.2102451324463,9,0
50,10,320.941833496094,161.906326293945,77.9876403808594,36.2859725952148,20.0631256103516,10,0
50,11,234.679229736328,242.469390869141,-59.5342559814453,57.832275390625,13.4238176345825,11,0
51,19,-47.5116729736328,133.059829711914,-52.5820770263672,39.4592628479004,12.3171977996826,1,13
51,18,-27.4975280761719,174.076217651367,-60.8525085449219,38.5044822692871,11.474986076355,1,13
51,21,-60.4366073608398,180.919509887695,-54.2676086425781,37.7803611755371,11.8421688079834,1,12
51,20,-30.1863136291504,155.955429077148,-64.1600189208984,33.2533645629883,11.9071340560913,1,12
51,2,162.346603393555,126.926551818848,73.2600402832031,57.1949882507324,12.9749460220337,2,0
51,15,151.458801269531,279.712677001953,84.3788757324219,48.2832450866699,12.590651512146,3,3
51,14,245.480239868164,215.714584350586,69.5211791992188,60.741096496582,11.802526473999,3,3
51,23,145.960968017578,-4.84201002120972,64.7451324462891,55.0513610839844,14.0795726776123,4,4
51,22,126.475524902344,131.067810058594,-61.3499755859375,47.4455184936523,12.3263874053955,4,4
51,6,191.575698852539,73.5918350219727,-87.5650787353516,57.9941902160645,18.0428485870361,6,0
51,7,266.800933837891,163.122741699219,82.2612915039063,45.582145690918,15.3392066955566,7,0
51,8,266.574737548828,23.6486568450928,69.6195220947266,67.439208984375,17.4467716217041,8,0
51,9,320.293701171875,188.853881835938,75.5086059570313,45.3617401123047,16.6376342773438,9,0
51,10,322.202941894531,159.403305053711,77.5407257080078,36.289909362793,20.2705078125,10,0
51,11,235.371154785156,241.457733154297,-59.7759246826172,59.6103782653809,13.4588298797607,11,0
52,19,-46.4778099060059,133.282180786133,-53.0201721191406,40.0045890808105,12.130316734314,1,13
52,18,-29.5950679779053,174.580291748047,-60.1298828125,40.0976638793945,11.4025201797485,1,13
52,21,-58.9344825744629,181.129104614258,-54.7290649414063,39.4081192016602,11.8084344863892,1,12
52,20,-34.020694732666,154.387756347656,-62.8021087646484,33.3199768066406,11.8962841033936,1,12
52,2,161.491104125977,127.783828735352,73.6451110839844,57.1509017944336,13.2125082015991,2,0
52,15,152.541046142578,279.336334228516,84.1974182128906,48.6761703491211,12.5835523605347,3,3
52,14,245.253631591797,216.186065673828,69.6438903808594,60.8511581420898,11.8743343353271,3,3
52,23,146.302490234375,-6.94122695922852,63.864501953125,56.6858444213867,14.0722875595093,4,4
52,22,128.490509033203,128.996780395508,-62.2225646972656,48.3024940490723,12.741491317749,4,4
52,6,192.073577880859,72.8408584594727,-87.7926330566406,59.3142127990723,17.7450923919678,6,0
52,7,265.126373291016,166.1806640625,82.9337158203125,45.6810150146484,15.507417678833,7,0
52,8,266.605194091797,23.4443302154541,69.591796875,67.8188095092773,17.4848308563232,8,0
52,9,319.663421630859,189.752868652344,75.7032318115234,45.3832702636719,17.5598907470703,9,0
52,10,324.010681152344,155.733367919922,76.8961334228516,36.7193336486816,20.3623352050781,10,0
52,11,236.249130249023,240.30973815918,-60.0427398681641,60.2135047912598,13.5045309066772,11,0
53,19,-45.6920547485352,133.730041503906,-53.3769836425781,40.046703338623,12.2230596542358,1,13
53,18,-23.3803844451904,176.34684753418,-62.1281127929688,40.7057723999023,11.6132593154907,1,13
53,21,-67.5598297119141,176.937286376953,-51.9975738525391,39.7888717651367,12.1963987350464,1,12
53,20,-43.0305824279785,151.166458129883,-59.3188781738281,35.2312355041504,11.9216861724854,1,12
53,2,160.370803833008,128.806533813477,74.0944976806641,57.8435096740723,13.4765739440918,2,0
53,15,153.089569091797,278.996276855469,84.1004333496094,50.0219459533691,12.6088733673096,3,3
53,14,246.579605102539,215.640472412109,69.4974212646484,63.2964859008789,11.9345788955688,3,3
53,23,146.296905517578,2.12747883796692,67.5852966308594,52.8655967712402,13.8290538787842,4,4
53,25,166.946731567383,61.0879859924316,-87.4423522949219,34.7111206054688,13.0178003311157,4,22
53,24,137.784027099609,107.713806152344,-71.9779357910156,5.52654600143433,3.12878608703613,4,22
53,27,161.32649230957,101.311859130859,-77.8168029785156,23.1707878112793,11.9850368499756,6,6
53,26,215.003723144531,-4.05452060699463,71.792236328125,37.7486228942871,13.0694370269775,6,6
53,7,263.778869628906,168.413009643555,83.4349975585938,45.903751373291,15.7996912002563,7,0
53,8,266.649719238281,23.4022064208984,69.5711975097656,68.4005432128906,17.4712448120117,8,0
53,9,320.519256591797,187.653396606445,75.3360595703125,44.452995300293,18.1318664550781,9,0
53,10,324.250457763672,155.456390380859,76.8437347412109,36.5945243835449,20.5636882781982,10,0
53,11,236.146957397461,240.616806030273,-59.9774780273438,60.2354125976563,13.6235074996948,11,0
54,19,-44.9671249389648,134.355880737305,-53.6437835693359,40.4371070861816,12.0416259765625,1,13
54,18,-26.5435218811035,176.698364257813,-61.040283203125,40.4454307556152,11.5533723831177,1,13
54,21,-66.2184371948242,177.033004760742,-52.4819183349609,40.5333251953125,12.0219097137451,1,12
54,20,-47.4033699035645,149.356918334961,-57.6311187744141,36.2100486755371,11.8186044692993,1,12
54,2,156.363983154297,132.56120300293,75.7331085205078,56.9036827087402,14.0553407669067,2,0
54,15,154.277206420898,278.412719726563,83.8992462158203,51.1464958190918,12.6189918518066,3,3
54,14,247.120452880859,214.741638183594,69.3021545410156,62.0050964355469,11.9967727661133,3,3
54,23,148.416320800781,7.61857795715332,69.7966918945313,58.1404762268066,13.8946676254272,4,4
54,25,170.234832763672,49.8245544433594,88.8089904785156,37.0690078735352,12.8459491729736,4,22
54,26,213.409561157227,-7.84090328216553,70.7566375732422,37.6540679931641,13.129789352417,6,6
54,7,265.126525878906,166.169021606445,82.9480438232422,46.2551231384277,15.9043807983398,7,0
54,8,266.675750732422,22.4735622406006,69.3823699951172,68.386604309082,17.6339473724365,8,0
54,9,320.824615478516,188.331130981445,75.4764404296875,46.4631767272949,18.7492599487305,9,0
54,10,325.293090820313,153.346389770508,76.4700927734375,36.8097648620605,20.6156730651855,10,0
54,11,236.154495239258,240.138946533203,-60.1107177734375,62.4113807678223,13.5176916122437,11,0
55,19,-44.7390174865723,135.383850097656,-53.7635803222656,41.1683120727539,12.12477684021,1,13
55,18,-27.1311645507813,178.503448486328,-60.862060546875,42.3197555541992,11.6064596176147,1,13
55,21,-69.5376892089844,176.133255004883,-51.3659973144531,40.2410354614258,12.3978786468506,1,12
55,20,-48.4855117797852,148.74577331543,-57.1666870117188,36.1777839660645,11.8764476776123,1,12
55,2,156.404220581055,132.202865600586,75.7213439941406,57.0205497741699,14.3698663711548,2,0
55,15,152.305740356445,279.613555908203,84.3140716552734,50.5245323181152,12.6390476226807,3,3
55,14,248.407180786133,213.933563232422,69.1083526611328,63.0647354125977,12.0903339385986,3,3
55,23,148.888137817383,10.0964879989624,70.8099212646484,59.8843307495117,14.2848844528198,4,4
55,25,173.387802124023,36.4881248474121,84.3474273681641,45.6696662902832,13.2922668457031,4,22
55,26,213.340927124023,-7.97788333892822,70.6961059570313,39.3329429626465,13.0964641571045,6,6
55,7,263.670196533203,168.574523925781,83.4711303710938,46.1141700744629,15.9703454971313,7,0
55,8,266.803619384766,22.1264057159424,69.3174743652344,68.4462509155273,17.8534889221191,8,0
55,9,320.007843017578,192.868118286133,76.2863922119141,50.6883392333984,19.4086894989014,9,0
55,10,327.086761474609,149.123001098633,75.7232055664063,37.0407371520996,20.7563800811768,10,0
55,11,236.14826965332,239.709838867188,-60.2060546875,63.7763442993164,13.452052116394,11,0
56,19,-45.3309173583984,134.964813232422,-53.4924621582031,42.9516067504883,11.9495801925659,1,13
56,18,-29.9826431274414,178.217086791992,-59.9114990234375,43.0580673217773,11.387864112854,1,13
56,21,-67.8618927001953,176.699127197266,-51.9420318603516,41.7652320861816,12.122314453125,1,12
56,20,-50.3472366333008,147.729034423828,-56.4301452636719,36.9008903503418,11.8089656829834,1,12
56,2,155.536041259766,132.909408569336,76.0785522460938,56.3648109436035,14.69517993927,2,0
56,15,147.54948425293,281.860443115234,85.1546020507813,50.5673599243164,12.7145204544067,3,3
56,14,249.049942016602,213.262313842773,68.9734954833984,60.643928527832,12.4944162368774,3,3
56,23,148.586715698242,9.26167011260986,70.4343719482422,61.3720550537109,14.0818147659302,4,4
56,25,173.743316650391,35.3172798156738,84.0973510742188,46.0767593383789,13.1310482025146,4,22
56,26,213.532150268555,-8.95324420928955,70.4268798828125,39.2189712524414,13.1318635940552,6,6
56,7,261.121978759766,171.987091064453,84.2581787109375,46.0854835510254,16.3304424285889,7,0
56,8,266.723083496094,22.2399635314941,69.3652648925781,68.4303665161133,18.0433673858643,8,0
56,9,319.723236083984,192.986282348633,76.2552490234375,49.1272430419922,19.8318386077881,9,0
56,10,329.19970703125,144.548629760742,74.9228057861328,37.1100807189941,20.8006439208984,10,0
56,11,229.849243164063,246.209686279297,-58.675048828125,49.425537109375,16.6925849914551,11,0
57,19,-46.100341796875,134.377304077148,-53.1766662597656,42.7057075500488,12.1195631027222,1,13
57,18,-29.7798290252686,178.751983642578,-59.9742279052734,44.4375228881836,11.4586744308472,1,13
57,21,-68.9601211547852,176.534027099609,-51.5557556152344,41.6431198120117,12.3504428863525,1,12
57,20,-49.6224327087402,147.335250854492,-56.6858367919922,37.7854461669922,11.8144817352295,1,12
57,2,155.263885498047,133.043869018555,76.1817169189453,56.7650489807129,14.8854131698608,2,0
57,15,141.666961669922,285.192565917969,86.4535217285156,51.3385620117188,13.0726737976074,3,3
57,14,250.688598632813,211.772476196289,68.6385650634766,60.3344383239746,12.8929252624512,3,3
57,23,149.396545410156,9.2307710647583,70.4113616943359,61.955322265625,14.383113861084,4,4
57,25,171.882125854492,39.5312347412109,85.5689392089844,46.9246368408203,13.248517036438,4,22
57,26,213.695541381836,-10.8320665359497,69.9131469726563,39.5204086303711,13.1286497116089,6,6
57,7,261.009185791016,172.580017089844,84.3831176757813,46.3693962097168,16.3042392730713,7,0
57,8,267.04541015625,19.942174911499,68.8456420898438,68.1069412231445,18.4371814727783,8,0
57,9,317.527099609375,197.18180847168,76.9671325683594,49.246753692627,20.2520503997803,9,0
57,10,331.180694580078,140.092147827148,74.1469879150391,37.2410507202148,20.8973121643066,10,0
57,11,228.254531860352,248.126388549805,-58.1821594238281,45.6757049560547,16.308464050293,11,0
58,19,-45.7916679382324,134.104934692383,-53.2673492431641,44.1708488464355,11.8617334365845,1,13
58,18,-30.7540092468262,178.559600830078,-59.6419219970703,45.9859237670898,11.3491458892822,1,13
58,21,-67.3327026367188,177.150817871094,-52.10400390625,42.3646392822266,12.1693019866943,1,12
58,20,-50.8183326721191,146.774368286133,-56.2278594970703,38.2973480224609,11.7186613082886,1,12
58,2,154.678192138672,133.460067749023,76.4236297607422,57.2479438781738,15.0885896682739,2,0
58,15,140.059371948242,286.111511230469,86.8178100585938,52.188533782959,13.3927431106567,3,3
58,14,250.513458251953,210.950836181641,68.4340209960938,57.5138511657715,14.0671863555908,3,3
58,23,149.640487670898,6.63267946243286,69.3141632080078,63.5519790649414,14.2106552124023,4,4
58,25,171.826782226563,40.7857856750488,86.0438232421875,47.8355293273926,13.2742977142334,4,22
58,26,213.507415771484,-12.2232542037964,69.5423583984375,40.3060150146484,13.1007566452026,6,6
58,7,259.589294433594,174.862487792969,84.8977508544922,46.9136657714844,16.4094085693359,7,0
58,8,266.967956542969,20.0032329559326,68.9039154052734,67.7501373291016,18.8566837310791,8,0
58,29,248.560729980469,263.788909912109,-89.1287231445313,25.9333667755127,13.8552293777466,9,9
58,28,273.447570800781,269.804412841797,-89.545166015625,49.0014801025391,13.7573347091675,9,9
58,10,332.869812011719,135.540756225586,73.3741302490234,37.4267997741699,20.9402828216553,10,0
58,11,225.276504516602,250.424713134766,-57.5479278564453,43.4392166137695,16.3292942047119,11,0
59,19,-45.2202224731445,133.953353881836,-53.5580749511719,45.0034027099609,12.0851240158081,1,13
59,18,-30.6380634307861,179.03515625,-59.6881866455078,47.575065612793,11.3757476806641,1,13
59,21,-68.1347503662109,177.143600463867,-51.8216400146484,43.009880065918,12.3353748321533,1,12
59,20,-49.872615814209,146.779891967773,-56.5801696777344,39.7164497375488,11.7985572814941,1,12
59,2,154.278350830078,133.800216674805,76.5314483642578,57.0961303710938,15.3195152282715,2,0
59,15,143.026062011719,284.518585205078,86.1747589111328,51.161922454834,13.7758092880249,3,3
59,14,247.490539550781,214.279586791992,69.1739654541016,55.6115875244141,15.2516088485718,3,3
59,23,150.461303710938,3.50381803512573,68.0534515380859,65.0953598022461,14.2251424789429,4,4
59,25,170.36506652832,44.0072364807129,87.1443939208984,48.8689117431641,13.258321762085,4,22
59,26,213.199310302734,-11.7794189453125,69.6328735351563,41.6351585388184,13.1125421524048,6,6
59,7,260.276519775391,174.143127441406,84.7259979248047,47.0218391418457,16.4962558746338,7,0
59,8,267.037170410156,19.3375625610352,68.7483062744141,68.0490951538086,19.1114044189453,8,0
59,28,269.089080810547,274.215881347656,-88.6492004394531,50.1332664489746,13.7393579483032,9,9
59,10,334.968566894531,130.931564331055,72.5797576904297,37.9104080200195,20.8959655761719,10,0
59,11,224.369812011719,251.763946533203,-57.2519989013672,42.7309265136719,16.974328994751,11,0
60,19,-45.8537254333496,133.06657409668,-53.2853088378906,46.8657379150391,11.7751445770264,1,13
60,18,-30.6910667419434,179.064071655273,-59.6683349609375,48.0340843200684,11.2950086593628,1,13
60,21,-66.8396759033203,177.987869262695,-52.2577972412109,44.9252281188965,12.1662435531616,1,12
60,20,-50.3434638977051,146.405532836914,-56.4396057128906,40.3595886230469,11.6518926620483,1,12
60,2,153.731735229492,134.113525390625,76.7397155761719,57.6908683776855,15.4066915512085,2,0
60,15,139.318405151367,286.859985351563,87.1286926269531,51.7336730957031,14.2124977111816,3,3
60,14,242.925994873047,218.900924682617,70.2433471679688,54.0983848571777,16.2860336303711,3,3
60,23,151.072769165039,2.25679492950439,67.5213165283203,67.0265731811523,14.1338415145874,4,4
60,25,167.719924926758,48.9260597229004,88.9390106201172,48.7729797363281,12.9342470169067,4,22
60,26,213.113739013672,-10.0099229812622,70.1066284179688,41.5704460144043,13.2195739746094,6,6
60,7,260.130950927734,174.668319702148,84.8457946777344,47.0457572937012,16.6396656036377,7,0
60,8,267.086242675781,18.1908130645752,68.5157165527344,67.8738327026367,19.2868175506592,8,0
60,28,271.592132568359,270.642913818359,-89.3871765136719,53.8233413696289,13.6969566345215,9,9
60,10,336.892181396484,125.493911743164,71.6540222167969,38.3358154296875,20.8950939178467,10,0
60,11,228.060577392578,248.648391723633,-58.0823669433594,42.1188926696777,17.4917831420898,11,0
